year,cases_obs,asr_obs,subtype,sex,tier
1982,736,12.69387431739855,nhl,males,agg
1983,751,12.525259737241392,nhl,males,agg
1984,835,14.306777744516706,nhl,males,agg
1985,908,14.755115437639114,nhl,males,agg
1986,942,15.154147844938853,nhl,males,agg
1987,1075,16.840718181154877,nhl,males,agg
1988,1066,15.944146317346478,nhl,males,agg
1989,1142,17.100314214028586,nhl,males,agg
1990,1260,18.241055682887094,nhl,males,agg
1991,1317,18.717078915187,nhl,males,agg
1992,1428,19.78564583823796,nhl,males,agg
1993,1478,19.946132036546583,nhl,males,agg
1994,1445,19.042868031935427,nhl,males,agg
1995,1468,18.775220546884142,nhl,males,agg
1996,1623,20.573015220303937,nhl,males,agg
1997,1632,20.370347263338346,nhl,males,agg
1998,1631,19.709401910061835,nhl,males,agg
1999,1697,20.105002892721117,nhl,males,agg
2000,1811,20.876878698233615,nhl,males,agg
2001,1860,20.768227535630306,nhl,males,agg
2002,1950,21.37964935178972,nhl,males,agg
2003,2027,21.597388934723966,nhl,males,agg
2004,2082,21.747008737941027,nhl,males,agg
2005,2069,21.052935830941145,nhl,males,agg
2006,2151,21.354284478913918,nhl,males,agg
2007,2177,21.078492916939975,nhl,males,agg
2008,2231,21.014432958634018,nhl,males,agg
2009,2383,21.982055804986015,nhl,males,agg
2010,2478,22.06305966457981,nhl,males,agg
2011,2608,22.739308553497604,nhl,males,agg
2012,2750,23.306508661424676,nhl,males,agg
2013,2779,22.951588077049895,nhl,males,agg
2014,2872,23.18135656858255,nhl,males,agg
2015,2879,22.730627398528384,nhl,males,agg
2016,3044,23.39405065057763,nhl,males,agg
2017,3251,24.137408165562128,nhl,males,agg
2018,3267,23.68784906009881,nhl,males,agg
2019,3366,23.758084182107897,nhl,males,agg
2020,3528,24.1863588312969,nhl,males,agg
2021,3365,22.612389042473563,nhl,males,agg
2022,3626,0,nhl,males,agg
2023,3727,0,nhl,males,agg
2024,3837,0,nhl,males,agg
2025,3945,0,nhl,males,agg
1982,687,10.157876185079097,nhl,females,agg
1983,691,9.991270032120415,nhl,females,agg
1984,741,10.439403284794473,nhl,females,agg
1985,761,10.51271924718714,nhl,females,agg
1986,785,10.555884857799576,nhl,females,agg
1987,903,11.911008473486342,nhl,females,agg
1988,888,11.309998895850226,nhl,females,agg
1989,964,12.118808049193532,nhl,females,agg
1990,979,12.057976355719285,nhl,females,agg
1991,1089,13.038926105823077,nhl,females,agg
1992,1152,13.582867696061989,nhl,females,agg
1993,1149,13.299886669867565,nhl,females,agg
1994,1238,14.09811969076289,nhl,females,agg
1995,1336,14.881355204953412,nhl,females,agg
1996,1337,14.540542068374162,nhl,females,agg
1997,1389,14.729077743820152,nhl,females,agg
1998,1387,14.365532883210353,nhl,females,agg
1999,1485,14.989131787534607,nhl,females,agg
2000,1557,15.378555538212936,nhl,females,agg
2001,1522,14.737699629762723,nhl,females,agg
2002,1625,15.436721725640535,nhl,females,agg
2003,1588,14.69060932778113,nhl,females,agg
2004,1624,14.75951024938185,nhl,females,agg
2005,1780,15.784056771107167,nhl,females,agg
2006,1681,14.66025804291692,nhl,females,agg
2007,1775,15.01630554123069,nhl,females,agg
2008,1814,15.134255376685381,nhl,females,agg
2009,1868,15.217359662765894,nhl,females,agg
2010,1888,15.033213181832878,nhl,females,agg
2011,1929,14.947841502265833,nhl,females,agg
2012,2051,15.620294227613735,nhl,females,agg
2013,2057,15.262920263091164,nhl,females,agg
2014,2269,16.355174641283586,nhl,females,agg
2015,2209,15.585860155187198,nhl,females,agg
2016,2293,15.753557337846763,nhl,females,agg
2017,2370,15.893446795690526,nhl,females,agg
2018,2397,15.556756154152763,nhl,females,agg
2019,2450,15.494375238770767,nhl,females,agg
2020,2688,16.67460557800233,nhl,females,agg
2021,2590,15.684890980089069,nhl,females,agg
2022,2721,0,nhl,females,agg
2023,2803,0,nhl,females,agg
2024,2887,0,nhl,females,agg
2025,2975,0,nhl,females,agg
1982,202,2.82577291238815,hodgkin,males,agg
1983,204,2.7419108971661936,hodgkin,males,agg
1984,185,2.5619937062801195,hodgkin,males,agg
1985,177,2.2805669305867293,hodgkin,males,agg
1986,185,2.480282693060681,hodgkin,males,agg
1987,182,2.4100353390607565,hodgkin,males,agg
1988,210,2.659793822774609,hodgkin,males,agg
1989,189,2.3388284084675317,hodgkin,males,agg
1990,217,2.6255641890192254,hodgkin,males,agg
1991,173,2.01626205253948,hodgkin,males,agg
1992,192,2.2521989563856715,hodgkin,males,agg
1993,195,2.252472322656149,hodgkin,males,agg
1994,199,2.315289340136724,hodgkin,males,agg
1995,185,2.107011143072688,hodgkin,males,agg
1996,225,2.5240785324352597,hodgkin,males,agg
1997,207,2.281355105444665,hodgkin,males,agg
1998,217,2.3521129978484114,hodgkin,males,agg
1999,238,2.5852219797774505,hodgkin,males,agg
2000,235,2.5040523556945113,hodgkin,males,agg
2001,223,2.328474286017463,hodgkin,males,agg
2002,266,2.774232599315084,hodgkin,males,agg
2003,251,2.5824698907036576,hodgkin,males,agg
2004,247,2.511641936892164,hodgkin,males,agg
2005,284,2.841520076157019,hodgkin,males,agg
2006,278,2.7456795002682424,hodgkin,males,agg
2007,291,2.8072303331523134,hodgkin,males,agg
2008,305,2.8549876823214673,hodgkin,males,agg
2009,296,2.7212718689101187,hodgkin,males,agg
2010,327,2.9627869434496366,hodgkin,males,agg
2011,340,3.0224866447049576,hodgkin,males,agg
2012,389,3.397543209974349,hodgkin,males,agg
2013,341,2.894370233781226,hodgkin,males,agg
2014,353,3.0011180769298993,hodgkin,males,agg
2015,388,3.234951352496846,hodgkin,males,agg
2016,351,2.8780989365214347,hodgkin,males,agg
2017,404,3.225862634463042,hodgkin,males,agg
2018,386,3.050295551668081,hodgkin,males,agg
2019,390,3.015526381254427,hodgkin,males,agg
2020,436,3.3325360464765894,hodgkin,males,agg
2021,418,3.17407342526307,hodgkin,males,agg
2022,421,0,hodgkin,males,agg
2023,434,0,hodgkin,males,agg
2024,445,0,hodgkin,males,agg
2025,453,0,hodgkin,males,agg
1982,126,1.613362207871168,hodgkin,females,agg
1983,126,1.629637012670955,hodgkin,females,agg
1984,139,1.8467302415240476,hodgkin,females,agg
1985,110,1.396289436065034,hodgkin,females,agg
1986,138,1.713745386362425,hodgkin,females,agg
1987,138,1.6703765202656384,hodgkin,females,agg
1988,139,1.645269957679893,hodgkin,females,agg
1989,148,1.709318597927793,hodgkin,females,agg
1990,148,1.6883809822115141,hodgkin,females,agg
1991,140,1.5552901833079102,hodgkin,females,agg
1992,175,1.9333104449693144,hodgkin,females,agg
1993,157,1.7279748911990132,hodgkin,females,agg
1994,159,1.7386055307551176,hodgkin,females,agg
1995,154,1.6713087608089239,hodgkin,females,agg
1996,166,1.7835796853315236,hodgkin,females,agg
1997,192,2.0558894878583653,hodgkin,females,agg
1998,177,1.8758636539337272,hodgkin,females,agg
1999,181,1.8889772288747129,hodgkin,females,agg
2000,191,1.9714763622638074,hodgkin,females,agg
2001,187,1.9055234405594002,hodgkin,females,agg
2002,210,2.121607762637393,hodgkin,females,agg
2003,189,1.8821530033429676,hodgkin,females,agg
2004,236,2.3271642655372586,hodgkin,females,agg
2005,251,2.4505055034692207,hodgkin,females,agg
2006,236,2.276568564634197,hodgkin,females,agg
2007,252,2.382660772839019,hodgkin,females,agg
2008,218,2.026319188651025,hodgkin,females,agg
2009,262,2.387972610365172,hodgkin,females,agg
2010,266,2.394124030130729,hodgkin,females,agg
2011,281,2.4646156820930223,hodgkin,females,agg
2012,260,2.2449120517795857,hodgkin,females,agg
2013,305,2.5947994514047443,hodgkin,females,agg
2014,299,2.4916218233062946,hodgkin,females,agg
2015,283,2.3343474618464017,hodgkin,females,agg
2016,334,2.7255916206822906,hodgkin,females,agg
2017,301,2.3838022447302665,hodgkin,females,agg
2018,281,2.2057820912649726,hodgkin,females,agg
2019,327,2.5187433383112916,hodgkin,females,agg
2020,330,2.5096627396796465,hodgkin,females,agg
2021,362,2.7340114750414033,hodgkin,females,agg
2022,347,0,hodgkin,females,agg
2023,362,0,hodgkin,females,agg
2024,375,0,hodgkin,females,agg
2025,386,0,hodgkin,females,agg
2003,713,7.609306737427602,dlbcl,males,subtype
2004,737,7.729785053890331,dlbcl,males,subtype
2005,749,7.636059647036333,dlbcl,males,subtype
2006,784,7.803518801496146,dlbcl,males,subtype
2007,810,7.878419668007132,dlbcl,males,subtype
2008,836,7.903247324851665,dlbcl,males,subtype
2009,839,7.800042285996293,dlbcl,males,subtype
2010,872,7.720821166551269,dlbcl,males,subtype
2011,937,8.189157541231069,dlbcl,males,subtype
2012,1000,8.506458363118393,dlbcl,males,subtype
2013,996,8.279721064689701,dlbcl,males,subtype
2014,992,8.007347515486087,dlbcl,males,subtype
2015,1008,7.986550925039948,dlbcl,males,subtype
2016,1067,8.159196395752039,dlbcl,males,subtype
2017,1071,7.981389353152709,dlbcl,males,subtype
2018,1157,8.420750675749952,dlbcl,males,subtype
2019,1146,8.058648671078162,dlbcl,males,subtype
2020,1225,8.382795928052122,dlbcl,males,subtype
2021,1202,8.070125088321275,dlbcl,males,subtype
2003,552,5.050192016166473,dlbcl,females,subtype
2004,564,5.108226421146331,dlbcl,females,subtype
2005,718,6.353712099800373,dlbcl,females,subtype
2006,646,5.605675836056648,dlbcl,females,subtype
2007,626,5.260141161731395,dlbcl,females,subtype
2008,653,5.433177024315749,dlbcl,females,subtype
2009,714,5.809535041080728,dlbcl,females,subtype
2010,691,5.481078318540135,dlbcl,females,subtype
2011,729,5.6136677712442085,dlbcl,females,subtype
2012,743,5.595049696021931,dlbcl,females,subtype
2013,732,5.347928658683938,dlbcl,females,subtype
2014,806,5.786399958761524,dlbcl,females,subtype
2015,778,5.4200655945345915,dlbcl,females,subtype
2016,783,5.318223747939127,dlbcl,females,subtype
2017,807,5.368913131354788,dlbcl,females,subtype
2018,799,5.130704606789053,dlbcl,females,subtype
2019,885,5.532630225634908,dlbcl,females,subtype
2020,902,5.555040320403586,dlbcl,females,subtype
2021,944,5.638677177888751,dlbcl,females,subtype
2003,448,4.650102147920981,follicular,males,subtype
2004,453,4.587965238422539,follicular,males,subtype
2005,490,4.832484765491951,follicular,males,subtype
2006,523,5.049421012520319,follicular,males,subtype
2007,486,4.581501969328092,follicular,males,subtype
2008,477,4.370875501068641,follicular,males,subtype
2009,559,5.0348530078470395,follicular,males,subtype
2010,573,5.029254809011366,follicular,males,subtype
2011,577,4.950404027736257,follicular,males,subtype
2012,601,5.023587294730147,follicular,males,subtype
2013,563,4.6189928513008285,follicular,males,subtype
2014,611,4.889862864541259,follicular,males,subtype
2015,624,4.893000863731583,follicular,males,subtype
2016,652,5.015064896378881,follicular,males,subtype
2017,725,5.363463265028441,follicular,males,subtype
2018,710,5.083679369598513,follicular,males,subtype
2019,756,5.3656268569554415,follicular,males,subtype
2020,829,5.683382819681609,follicular,males,subtype
2021,756,5.108766510832072,follicular,males,subtype
2003,403,3.8384802754445673,follicular,females,subtype
2004,428,3.994216636023291,follicular,females,subtype
2005,435,3.958511696648153,follicular,females,subtype
2006,425,3.7946236792078603,follicular,females,subtype
2007,468,4.0483978764903,follicular,females,subtype
2008,476,4.0946438375519465,follicular,females,subtype
2009,505,4.190210923770355,follicular,females,subtype
2010,494,4.012504740031131,follicular,females,subtype
2011,434,3.453568129193931,follicular,females,subtype
2012,508,4.013064830580987,follicular,females,subtype
2013,513,3.928179080329112,follicular,females,subtype
2014,547,4.045757336853213,follicular,females,subtype
2015,514,3.703234487688735,follicular,females,subtype
2016,563,3.980815854538542,follicular,females,subtype
2017,625,4.321411222123323,follicular,females,subtype
2018,572,3.7880849663390137,follicular,females,subtype
2019,576,3.7736578385273924,follicular,females,subtype
2020,689,4.359133931926738,follicular,females,subtype
2021,600,3.7099462524714064,follicular,females,subtype
2003,94,0.9932266091621718,mantle_cell,males,subtype
2004,124,1.2862961758666691,mantle_cell,males,subtype
2005,107,1.1019760718265923,mantle_cell,males,subtype
2006,122,1.199789100992986,mantle_cell,males,subtype
2007,129,1.2529284824121334,mantle_cell,males,subtype
2008,145,1.37211088552884,mantle_cell,males,subtype
2009,141,1.2977738316382426,mantle_cell,males,subtype
2010,163,1.4520440741549712,mantle_cell,males,subtype
2011,153,1.3360299710530121,mantle_cell,males,subtype
2012,149,1.2428284440718889,mantle_cell,males,subtype
2013,179,1.4378644055594876,mantle_cell,males,subtype
2014,181,1.4455338069169308,mantle_cell,males,subtype
2015,175,1.3704502093391562,mantle_cell,males,subtype
2016,189,1.4271111863630388,mantle_cell,males,subtype
2017,232,1.677295293804511,mantle_cell,males,subtype
2018,201,1.4338596697520147,mantle_cell,males,subtype
2019,244,1.6906906248637605,mantle_cell,males,subtype
2020,248,1.647639570578766,mantle_cell,males,subtype
2021,189,1.2487764050087633,mantle_cell,males,subtype
2003,36,0.3287928905615363,mantle_cell,females,subtype
2004,37,0.33538247131631227,mantle_cell,females,subtype
2005,39,0.32648728980592356,mantle_cell,females,subtype
2006,45,0.3762379045819446,mantle_cell,females,subtype
2007,51,0.4325895795622375,mantle_cell,females,subtype
2008,63,0.5194730766350785,mantle_cell,females,subtype
2009,47,0.37418857609968587,mantle_cell,females,subtype
2010,50,0.3995038157143362,mantle_cell,females,subtype
2011,65,0.5034081020790342,mantle_cell,females,subtype
2012,68,0.4999413197710154,mantle_cell,females,subtype
2013,72,0.5226025973670514,mantle_cell,females,subtype
2014,80,0.558092842955184,mantle_cell,females,subtype
2015,86,0.5815841978442795,mantle_cell,females,subtype
2016,68,0.45619905074318057,mantle_cell,females,subtype
2017,83,0.5595480020938408,mantle_cell,females,subtype
2018,75,0.47105849481299505,mantle_cell,females,subtype
2019,67,0.41467783183743695,mantle_cell,females,subtype
2020,86,0.5096024317106517,mantle_cell,females,subtype
2021,75,0.42413930648602344,mantle_cell,females,subtype
1982,938,15.519647229786697,total,males,total
1983,955,15.267170634407584,total,males,total
1984,1020,16.868771450796824,total,males,total
1985,1085,17.035682368225846,total,males,total
1986,1127,17.63443053799954,total,males,total
1987,1257,19.250753520215635,total,males,total
1988,1276,18.603940140121082,total,males,total
1989,1331,19.439142622496117,total,males,total
1990,1477,20.86661987190632,total,males,total
1991,1490,20.73334096772648,total,males,total
1992,1620,22.037844794623634,total,males,total
1993,1673,22.198604359202733,total,males,total
1994,1644,21.358157372072153,total,males,total
1995,1653,20.882231689956832,total,males,total
1996,1848,23.09709375273919,total,males,total
1997,1839,22.65170236878301,total,males,total
1998,1848,22.061514907910247,total,males,total
1999,1935,22.69022487249857,total,males,total
2000,2046,23.380931053928126,total,males,total
2001,2083,23.09670182164777,total,males,total
2002,2216,24.153881951104804,total,males,total
2003,2278,24.17985882542763,total,males,total
2004,2329,24.258650674833195,total,males,total
2005,2353,23.894455907098166,total,males,total
2006,2429,24.09996397918216,total,males,total
2007,2468,23.88572325009229,total,males,total
2008,2536,23.86942064095549,total,males,total
2009,2679,24.703327673896133,total,males,total
2010,2805,25.025846608029447,total,males,total
2011,2948,25.761795198202563,total,males,total
2012,3139,26.704051871399024,total,males,total
2013,3120,25.845958310831115,total,males,total
2014,3225,26.18247464551245,total,males,total
2015,3267,25.965578751025227,total,males,total
2016,3395,26.27214958709907,total,males,total
2017,3655,27.36327080002517,total,males,total
2018,3653,26.73814461176689,total,males,total
2019,3756,26.77361056336232,total,males,total
2020,3964,27.518894877773487,total,males,total
2021,3783,25.78646246773663,total,males,total
2022,4047,0,total,males,total
2023,4161,0,total,males,total
2024,4282,0,total,males,total
2025,4398,0,total,males,total
1982,813,11.771238392950265,total,females,total
1983,817,11.620907044791371,total,females,total
1984,880,12.28613352631852,total,females,total
1985,871,11.909008683252177,total,females,total
1986,923,12.269630244162002,total,females,total
1987,1041,13.58138499375198,total,females,total
1988,1027,12.95526885353012,total,females,total
1989,1112,13.828126647121325,total,females,total
1990,1127,13.746357337930801,total,females,total
1991,1229,14.594216289130985,total,females,total
1992,1327,15.516178141031304,total,females,total
1993,1306,15.027861561066578,total,females,total
1994,1397,15.836725221518002,total,females,total
1995,1490,16.55266396576234,total,females,total
1996,1503,16.324121753705683,total,females,total
1997,1581,16.78496723167852,total,females,total
1998,1564,16.241396537144077,total,females,total
1999,1666,16.87810901640932,total,females,total
2000,1748,17.350031900476743,total,females,total
2001,1709,16.643223070322122,total,females,total
2002,1835,17.55832948827793,total,females,total
2003,1777,16.5727623311241,total,females,total
2004,1860,17.08667451491911,total,females,total
2005,2031,18.234562274576387,total,females,total
2006,1917,16.93682660755112,total,females,total
2007,2027,17.39896631406971,total,females,total
2008,2032,17.160574565336407,total,females,total
2009,2130,17.605332273131065,total,females,total
2010,2154,17.427337211963607,total,females,total
2011,2210,17.412457184358853,total,females,total
2012,2311,17.86520627939332,total,females,total
2013,2362,17.85771971449591,total,females,total
2014,2568,18.846796464589882,total,females,total
2015,2492,17.920207617033604,total,females,total
2016,2627,18.479148958529056,total,females,total
2017,2671,18.27724904042079,total,females,total
2018,2678,17.762538245417733,total,females,total
2019,2777,18.01311857708206,total,females,total
2020,3018,19.184268317681976,total,females,total
2021,2952,18.418902455130475,total,females,total
2022,3068,0,total,females,total
2023,3165,0,total,females,total
2024,3262,0,total,females,total
2025,3361,0,total,females,total
1982,1751,13.483848654274519,total,persons,total
1983,1772,13.386391437404896,total,persons,total
1984,1900,14.223229716967435,total,persons,total
1985,1956,14.186968770300169,total,persons,total
1986,2050,14.62862926908755,total,persons,total
1987,2298,16.040968495208396,total,persons,total
1988,2303,15.492277378852034,total,persons,total
1989,2443,16.290993610713183,total,persons,total
1990,2604,16.987155829925243,total,persons,total
1991,2719,17.315415259820963,total,persons,total
1992,2947,18.460299412912914,total,persons,total
1993,2979,18.332987090922053,total,persons,total
1994,3041,18.37547969137291,total,persons,total
1995,3143,18.59118273312581,total,persons,total
1996,3351,19.374881196220088,total,persons,total
1997,3420,19.39260119699687,total,persons,total
1998,3412,18.917674837997954,total,persons,total
1999,3601,19.571081028714104,total,persons,total
2000,3794,20.168267473280093,total,persons,total
2001,3792,19.67345693196486,total,persons,total
2002,4051,20.558192564976224,total,persons,total
2003,4055,20.15240623222838,total,persons,total
2004,4189,20.418496817774237,total,persons,total
2005,4384,20.908950759229633,total,persons,total
2006,4346,20.289458733179355,total,persons,total
2007,4495,20.45725901989683,total,persons,total
2008,4568,20.334828461199933,total,persons,total
2009,4809,20.880381879732305,total,persons,total
2010,4959,21.007996493144343,total,persons,total
2011,5158,21.368316610272924,total,persons,total
2012,5450,22.051912412019192,total,persons,total
2013,5482,21.596039138837,total,persons,total
2014,5793,22.32443144197603,total,persons,total
2015,5759,21.66930886168037,total,persons,total
2016,6022,22.116269411661158,total,persons,total
2017,6326,22.578707319403595,total,persons,total
2018,6331,22.014950189438014,total,persons,total
2019,6533,22.18234200588295,total,persons,total
2020,6982,23.141717000438526,total,persons,total
2021,6735,21.914876998875936,total,persons,total
2022,7115,0,total,persons,total
2023,7326,0,total,persons,total
2024,7544,0,total,persons,total
2025,7759,0,total,persons,total
