P,cases_mid,cases_p025,cases_p975,asr_mid,asr_p025,asr_p975,subtype,sex,tier
2022,3583.071814682442,3508.4469841584064,3663.1398498147673,23.44759517024174,22.94473475848161,23.957915296634017,nhl,males,agg
2023,3704.597250257423,3630.4567886810055,3783.004057935208,23.526514886408833,23.044572752136624,24.01073076807494,nhl,males,agg
2024,3822.5009072415487,3747.151611003314,3902.0992110526868,23.586200987084712,23.102928469053566,24.066590164938926,nhl,males,agg
2025,3940.955991889337,3862.761450769251,4020.5383547927477,23.64059961537879,23.16263379335671,24.11381592479975,nhl,males,agg
2026,4062.371605282374,3982.102437760286,4142.749749160406,23.67359948194994,23.206153837682123,24.149402953549536,nhl,males,agg
2027,4181.724228971327,4099.200639052018,4263.381090946732,23.70062539000833,23.23405325452776,24.17512054241715,nhl,males,agg
2028,4296.421286424387,4211.037272296508,4381.061799172362,23.71397997711552,23.240437750885,24.19331091557774,nhl,males,agg
2029,4407.168762265236,4319.519045513556,4493.410104361957,23.71317116346342,23.23526829959472,24.20131826331553,nhl,males,agg
2030,4510.976239906908,4418.955640884537,4602.403334539368,23.70068659073265,23.217453352887038,24.211049100721773,nhl,males,agg
2031,4610.703197799849,4514.886067297754,4708.015940966407,23.678103227894802,23.187026035885335,24.210250049407076,nhl,males,agg
2032,4710.259854857151,4609.739202591332,4813.815928933498,23.64462530884419,23.143939428093436,24.191388012450506,nhl,males,agg
2033,4804.086596898287,4698.788123942516,4912.372782696547,23.598948144201366,23.089047882708,24.17791547683043,nhl,males,agg
2034,4895.8004832009065,4787.0581706457215,5011.87629638354,23.547515523260444,23.017718338084908,24.151305407397057,nhl,males,agg
2035,4987.252022472502,4873.759741072307,5109.324667806555,23.492798635239275,22.93785434789977,24.11929178943362,nhl,males,agg
2036,5081.35994317241,4962.6212410485305,5211.996945588124,23.430344183520724,22.85311297505978,24.074410572460675,nhl,males,agg
2037,5168.687025353283,5045.296536404083,5307.768096185217,23.35568449002499,22.76960310858186,24.015090811687823,nhl,males,agg
2038,5250.696262489953,5120.790122662918,5396.171913330715,23.27061744478715,22.66315870554661,23.95802527950162,nhl,males,agg
2039,5322.257156196189,5186.321198164415,5475.8667468061585,23.178146018661916,22.54790612544136,23.895774509438773,nhl,males,agg
2040,5385.118551423081,5242.454831878082,5547.23425699894,23.077969464987742,22.429441745045867,23.81761464659944,nhl,males,agg
2041,5441.849822785421,5291.667206968585,5612.368645824554,22.968900405600657,22.304983745037553,23.734326827013106,nhl,males,agg
2042,5492.240343048646,5335.243225426118,5667.956828842954,22.856938320766524,22.175797069294273,23.6424163595463,nhl,males,agg
2043,5537.9991168863035,5374.455543521499,5721.632388494544,22.7385954457748,22.03082517356393,23.555733948121464,nhl,males,agg
2044,5586.390761237733,5417.534323544969,5777.932928355619,22.624268114878948,21.892045442771263,23.47574825626253,nhl,males,agg
2045,5635.004556956132,5461.08218911718,5832.302487730117,22.510515828853777,21.763017272110595,23.397548796578302,nhl,males,agg
2022,2697.854587671074,2633.3927897715457,2768.91565442487,15.980044800578566,15.591855196735722,16.404720929801154,nhl,females,agg
2023,2787.6783651481346,2724.1391952685153,2859.051170450546,16.017142321553976,15.630913883326683,16.434435482924002,nhl,females,agg
2024,2875.3363347821146,2810.341624664191,2946.8077189481323,16.04949738651193,15.663935427825672,16.455221012131513,nhl,females,agg
2025,2964.4171571596844,2895.6616452030576,3035.6387424121813,16.078327652606244,15.69595171534604,16.476918598203792,nhl,females,agg
2026,3055.3757336376675,2985.8497545870855,3128.570839476156,16.100978861281742,15.716977099037207,16.49775941007174,nhl,females,agg
2027,3144.638545859557,3072.5241351587283,3222.8276175995934,16.120628975056107,15.725910615052364,16.519535337918867,nhl,females,agg
2028,3232.773506980286,3157.2870813979007,3313.321210710358,16.135033160489684,15.734139359651296,16.54795598942917,nhl,females,agg
2029,3318.3656617114066,3237.106073023839,3401.5634262385884,16.143278998249244,15.73394932883652,16.569271327324795,nhl,females,agg
2030,3400.3134309756615,3315.3793489040318,3486.7944331898625,16.150342621676806,15.72442844296657,16.591870608913563,nhl,females,agg
2031,3480.436854324067,3389.703140354795,3572.3750418847508,16.156020226436468,15.71179489804649,16.618939534858107,nhl,females,agg
2032,3556.9338230175426,3461.3589625555496,3655.2494838496477,16.156848083525585,15.698818854367856,16.644178619528752,nhl,females,agg
2033,3632.4430619785926,3531.7241428114985,3738.1461453345887,16.15123949961757,15.684503454830503,16.653211062293952,nhl,females,agg
2034,3709.159987779789,3602.9276139519875,3819.6503264962744,16.146765748912742,15.662954764968099,16.66212363419205,nhl,females,agg
2035,3785.8826337874602,3673.3441035486976,3901.766837016105,16.13892539091443,15.639801466799979,16.6742547303995,nhl,females,agg
2036,3864.0401942744525,3747.430700574437,3987.4272669363418,16.126025169535716,15.613517059713722,16.691994982200285,nhl,females,agg
2037,3939.100916205727,3815.393446438946,4070.688692867412,16.11038801700188,15.576974613879733,16.69580664368319,nhl,females,agg
2038,4010.4935815976505,3880.1360349603383,4148.1908052494755,16.096615960231663,15.53470656669065,16.69836198965102,nhl,females,agg
2039,4075.7437761662545,3939.2055043102678,4219.118425199381,16.079437596375165,15.499490449117607,16.7106645962381,nhl,females,agg
2040,4136.103981115039,3992.426483745805,4285.6655321309645,16.060598109391165,15.454944092804379,16.713637331939307,nhl,females,agg
2041,4191.968047826389,4040.5443527048988,4348.76601180441,16.03550766474662,15.401449321657017,16.718538200081635,nhl,females,agg
2042,4243.045712579818,4085.3106363317956,4408.906173756095,16.009105336828792,15.352048532008716,16.724254163929032,nhl,females,agg
2043,4292.420941948331,4128.256677139141,4467.632103168792,15.98264181138188,15.302917533591353,16.727684649579718,nhl,females,agg
2044,4343.431283999276,4172.103972737901,4527.111271195654,15.957205103909573,15.262617090132363,16.740299125418467,nhl,females,agg
2045,4393.34616743123,4215.581891212575,4586.1402240594525,15.931097315865781,15.217092969966204,16.75072905491647,nhl,females,agg
2022,428.5160175367867,403.63845140110504,455.89930954163873,3.198341970784529,3.012026131550358,3.400122053413221,hodgkin,males,agg
2023,441.94465912220346,417.2111568697214,469.12314924036747,3.2255915322714794,3.0463015113357255,3.424579835612541,hodgkin,males,agg
2024,454.1945422651635,429.91890247787177,481.46168567575853,3.2512613884171495,3.0761780224474014,3.444549540136408,hodgkin,males,agg
2025,466.7297540738727,442.60136965409953,493.89650239859714,3.278620153065816,3.1070254039263,3.4661509789337757,hodgkin,males,agg
2026,479.3431728117607,454.4731686221737,506.8203223605425,3.304849560057896,3.135952377799982,3.4891591119002383,hodgkin,males,agg
2027,492.0782612467739,466.3297124303197,519.6844733022593,3.3306150629042337,3.1656717871298623,3.5177364917078613,hodgkin,males,agg
2028,504.0554428742763,477.5634847897283,532.4371708996183,3.354976091114411,3.1873287268377366,3.54261002149721,hodgkin,males,agg
2029,516.1803400012366,488.9498114231894,545.3858299435592,3.3795036409071035,3.2044147677108197,3.5693234750093312,hodgkin,males,agg
2030,528.1078347234295,500.2689284920355,559.0644949167046,3.4019200931465234,3.219165232264427,3.600920183506062,hodgkin,males,agg
2031,540.0114032052759,510.4501521894576,573.1743467808432,3.423727324549413,3.240275551560571,3.629775334284824,hodgkin,males,agg
2032,552.282641064173,521.087326614706,586.7109127466307,3.4461500050488922,3.254199277974967,3.6600611668038505,hodgkin,males,agg
2033,564.2858682195167,530.9662531896532,600.6220084832826,3.470237795995697,3.2682897022551587,3.6900525968501032,hodgkin,males,agg
2034,575.8161448936343,541.078573609294,613.3031668222142,3.4871777967270403,3.283001290188165,3.7174170787290453,hodgkin,males,agg
2035,586.7105307031538,551.132075713027,625.6396563246409,3.50280384225106,3.292502311312598,3.7395259718798015,hodgkin,males,agg
2036,597.8896527813265,560.8882489146616,638.4938683912917,3.51798874099985,3.300857623063338,3.7593682877800303,hodgkin,males,agg
2037,609.5083620428563,570.882531238689,651.7752958202539,3.5330132264269816,3.3112046292741413,3.7808627959642775,hodgkin,males,agg
2038,620.9025171771891,580.8943919817306,664.8803667905618,3.5488435524301605,3.3196667982597288,3.799652189554652,hodgkin,males,agg
2039,632.0846755896621,589.8849330908129,678.0344137092621,3.564678217492838,3.327248604066764,3.819001236936534,hodgkin,males,agg
2040,643.1222367302441,598.6183624113868,690.5993325654673,3.5798540526453957,3.3374326950940763,3.8370868045609194,hodgkin,males,agg
2041,654.0422878936979,607.3927118955958,703.0300058730901,3.5945377054069025,3.3456711374435364,3.8587559510332605,hodgkin,males,agg
2042,664.7634259382314,616.5300718674123,715.5558811820467,3.60941171806103,3.3534630423215757,3.882168492839895,hodgkin,males,agg
2043,675.3660395824813,625.3650723288416,727.7977238186073,3.6243722057216914,3.359831285162443,3.9013328161628356,hodgkin,males,agg
2044,685.0902090683692,634.154251428921,739.2681234888776,3.6323861462426956,3.365132967824537,3.91187573010129,hodgkin,males,agg
2045,694.2279632582936,642.0459553438411,748.8945405146226,3.634167105042464,3.3688033579872583,3.9148218270795665,hodgkin,males,agg
2022,347.02478798114043,323.57097246180155,372.12598523519887,2.583809486864392,2.405243278947971,2.7686158286543603,hodgkin,females,agg
2023,357.6974370837637,334.47981280112367,382.8875779037716,2.6010275689654954,2.432711962703128,2.7792385228118524,hodgkin,females,agg
2024,366.9531562642943,343.5839295344918,391.6391554155964,2.6185225669812127,2.452423317972508,2.7920598536197283,hodgkin,females,agg
2025,376.19328827090294,353.0929214924783,400.3551547013368,2.632712890124524,2.4691482426098523,2.8063626390644805,hodgkin,females,agg
2026,384.85189745214336,361.3649206900885,409.4918485281748,2.6464386589707263,2.4874838250565636,2.8223574447310233,hodgkin,females,agg
2027,393.24930869278296,369.0074842210009,418.0063020456525,2.6582870963753833,2.494066518884053,2.8352729030755093,hodgkin,females,agg
2028,401.50393230118055,376.11455984725416,427.1841062838167,2.6701715757603077,2.5029698658057096,2.846941715980191,hodgkin,females,agg
2029,409.4089907956462,383.35736794906126,435.5474771289465,2.678294534826542,2.507116750101262,2.8593376940977375,hodgkin,females,agg
2030,417.06185144340293,389.95702949176695,443.9294235509788,2.685342455387765,2.5112077473662526,2.8653047272500074,hodgkin,females,agg
2031,424.47004701125775,396.5197781745912,452.1124263512278,2.6915820259986485,2.5126106885275132,2.8716839288140137,hodgkin,females,agg
2032,431.94357187179253,402.46723723103645,460.61428249374814,2.693427585532509,2.5128954298246615,2.8819365647544593,hodgkin,females,agg
2033,439.1318277835545,408.34403086525566,469.76796824942085,2.696084482011874,2.5112356131079605,2.8916983377269427,hodgkin,females,agg
2034,446.34619302523487,414.24552623272473,478.1756968714468,2.69576957535425,2.5094728815225533,2.8997958594993696,hodgkin,females,agg
2035,453.3191232583562,420.31336245874814,485.7910983720652,2.695941469779558,2.509375920120999,2.903006975447106,hodgkin,females,agg
2036,460.00443374940033,426.4323101252544,493.70848745008004,2.6952290989377543,2.5089014989365714,2.9054066329727686,hodgkin,females,agg
2037,466.6983558637518,431.755478766365,501.99848744678525,2.6950207199859584,2.5059595769241874,2.912272637132533,hodgkin,females,agg
2038,473.0294279933528,437.23535275426497,510.10224684998553,2.693773714308257,2.5025108326913617,2.916444148919517,hodgkin,females,agg
2039,479.1295283332591,442.5839968286978,517.2660403977446,2.6923629265100324,2.4975032144207225,2.9214585859040825,hodgkin,females,agg
2040,485.126086430623,447.7253555453294,524.8807350673197,2.690422472908928,2.4933168279915945,2.927251114612994,hodgkin,females,agg
2041,491.26574099155675,452.3772377263581,532.0351242149442,2.688836064660867,2.485858046379153,2.9322138718923565,hodgkin,females,agg
2042,496.9845287979363,456.78551252468947,539.4321277854311,2.6866926168244403,2.4783232758450096,2.93800072896588,hodgkin,females,agg
2043,502.8505822454963,461.27056629466193,546.7581481143994,2.684362594886343,2.4707508396188214,2.9406873060510077,hodgkin,females,agg
2044,508.493195982071,466.1048902631484,553.2472483214143,2.6816689097954614,2.4673882406691567,2.9395969908944926,hodgkin,females,agg
2045,514.4038328806269,471.07788412030936,559.8496340288698,2.678875176831888,2.467263677980835,2.9361807298859737,hodgkin,females,agg
2022,1260.4219903325402,1204.2518995292737,1316.8265192134268,8.19838943288534,7.825614751958229,8.57126447980612,dlbcl,males,subtype
2023,1296.6016543355381,1238.3959457440878,1354.4413966864595,8.173250395004015,7.805810250682633,8.541379937536721,dlbcl,males,subtype
2024,1330.4708226337884,1272.8887521819809,1389.8750913727995,8.1428879200337,7.795617331331251,8.510924769762832,dlbcl,males,subtype
2025,1364.3803690488742,1305.2167128300296,1426.541083861029,8.109095625135463,7.762144679613474,8.491967669722841,dlbcl,males,subtype
2026,1400.2853521355923,1339.7536981615744,1466.5220580796242,8.077621915471864,7.733027773061311,8.47204422905554,dlbcl,males,subtype
2027,1436.1475085484726,1372.4178482518073,1506.0409648722298,8.042826518992843,7.69274496759202,8.450434848352911,dlbcl,males,subtype
2028,1469.9353878697793,1403.4411563512338,1545.1023525793964,8.014767429662268,7.646298663791767,8.433304990485158,dlbcl,males,subtype
2029,1502.0165724510964,1431.2864365942812,1582.9722090545895,7.980739484674114,7.600521585284651,8.41453689656468,dlbcl,males,subtype
2030,1532.3957243396999,1457.880399755581,1618.6931163284166,7.934191354821658,7.542506511588142,8.39207326168992,dlbcl,males,subtype
2031,1559.748840732992,1480.4805037890821,1652.4975147943592,7.887685756369594,7.477514420053621,8.371856556867563,dlbcl,males,subtype
2032,1586.5404967272127,1501.64373627955,1686.6059305972365,7.8341331006032044,7.403236864673339,8.33834463005227,dlbcl,males,subtype
2033,1610.7673754488999,1520.5164695371911,1717.2975064945674,7.775485339924709,7.3264308809900545,8.297700125055952,dlbcl,males,subtype
2034,1633.0610971523843,1536.2851959448255,1745.5594227071263,7.713433022509108,7.246971251353726,8.258957501831032,dlbcl,males,subtype
2035,1654.5374394630317,1553.9952857221226,1772.508383257692,7.651200150666952,7.159137620989348,8.218811833408381,dlbcl,males,subtype
2036,1677.9746569775148,1572.4158786862154,1804.9308489267262,7.587575239750112,7.075734870472155,8.173419861453464,dlbcl,males,subtype
2037,1699.4380801495977,1588.7108910028787,1832.5954076380658,7.522932602919954,7.000089979959548,8.132510329592336,dlbcl,males,subtype
2038,1718.4298842684411,1602.7280792351448,1860.0530297644382,7.457650390082758,6.918207151721596,8.09111619155751,dlbcl,males,subtype
2039,1734.6589127755942,1613.5212394817227,1886.269407342317,7.390454384943796,6.8388409621253485,8.047243975954792,dlbcl,males,subtype
2040,1748.4019174349462,1622.7645126441776,1908.1108333377358,7.328182647827479,6.751294035720096,7.999077447871623,dlbcl,males,subtype
2041,1759.4823193388436,1628.3300385630137,1924.8389686349967,7.260265617935661,6.653193329094238,7.960431631538515,dlbcl,males,subtype
2042,1768.4750156265077,1632.9098611156023,1941.0653211956064,7.189356054590565,6.561374964012884,7.920358403228167,dlbcl,males,subtype
2043,1775.8923129166678,1632.0763730052938,1954.5330329414478,7.111682122466139,6.46839780727997,7.869647373447156,dlbcl,males,subtype
2044,1784.6602063281994,1632.9340668711936,1968.0164081583807,7.033089104394691,6.387847857203526,7.817528336652446,dlbcl,males,subtype
2045,1793.2955947458609,1633.9589222593281,1979.744210446296,6.966340618986289,6.305503495153001,7.7665879741086234,dlbcl,males,subtype
2022,958.5114387559247,910.1546836124339,1004.4323826253318,5.566007901870988,5.288838314614587,5.838381139094698,dlbcl,females,subtype
2023,980.5671926205686,932.0288192131082,1027.1975477825508,5.5274529279901365,5.25554267004025,5.808762466051957,dlbcl,females,subtype
2024,1002.1656455979535,952.5113435407816,1050.916986186946,5.492417477209992,5.22250460935154,5.772859805847552,dlbcl,females,subtype
2025,1023.438876081567,972.228371330235,1075.1078842635136,5.452779487392971,5.179755533304303,5.749033553933849,dlbcl,females,subtype
2026,1045.6537538840284,991.3616928851335,1099.756118897226,5.418279482180914,5.131693053542108,5.717740931614023,dlbcl,females,subtype
2027,1067.3782668464596,1010.471097151842,1124.9160774786246,5.38118233658308,5.083070737529158,5.68824743990019,dlbcl,females,subtype
2028,1087.6946268639288,1027.0360215072164,1150.965464870546,5.345777711703279,5.032425512669364,5.668696980293511,dlbcl,females,subtype
2029,1107.4442426816463,1043.6617914906096,1174.6983200412963,5.306905522991533,4.984288177599305,5.658664900207566,dlbcl,females,subtype
2030,1125.9772075610056,1059.614420624409,1197.8200827762496,5.272375753077807,4.933751683584213,5.63771077517293,dlbcl,females,subtype
2031,1144.548532729761,1073.4616896946466,1219.6418053161522,5.240967046216465,4.895692962146721,5.626366637553666,dlbcl,females,subtype
2032,1163.805364670739,1087.8449002351292,1243.7755655710896,5.212854223076999,4.854971149444323,5.617373031222687,dlbcl,females,subtype
2033,1182.0194287658524,1102.7840897247231,1267.5625725241066,5.185814715461012,4.812187114547162,5.6153897953898015,dlbcl,females,subtype
2034,1201.5949979226086,1116.7328478829302,1292.974419708698,5.161306869869813,4.769834431888718,5.618488013657077,dlbcl,females,subtype
2035,1219.9759039230817,1133.3709492849782,1317.6042085646834,5.135645284804361,4.723716562176835,5.618685836585764,dlbcl,females,subtype
2036,1240.1274388833565,1147.9791849961348,1344.7784779004246,5.115200215296811,4.684573563788593,5.625561087034619,dlbcl,females,subtype
2037,1259.781953818882,1160.305657912519,1370.4376306165045,5.094632597860757,4.647306740210462,5.628800719510647,dlbcl,females,subtype
2038,1278.150716447864,1173.8187610413454,1395.4885426620283,5.074174235490025,4.605667384560745,5.640813648514339,dlbcl,females,subtype
2039,1294.9045548793838,1183.9265279032954,1420.8857837490923,5.056579047989167,4.5701224539726315,5.641730433422935,dlbcl,females,subtype
2040,1311.133286202797,1192.808099500474,1445.686389576707,5.0401916895650505,4.538049394848542,5.651638582631763,dlbcl,females,subtype
2041,1325.3683016052335,1201.5171935651485,1468.6293951290115,5.022898365646062,4.506260379221978,5.6589842341573,dlbcl,females,subtype
2042,1338.6995692016635,1208.6713641888628,1493.8993550062708,5.009769522478539,4.47157920696524,5.668710303764919,dlbcl,females,subtype
2043,1352.0050554103066,1216.0683234528433,1515.944168459666,4.994661351898981,4.438924469744771,5.681575418830816,dlbcl,females,subtype
2044,1365.9007368040025,1224.1192041695635,1539.789423842615,4.982168577093636,4.40224357686715,5.694267064856458,dlbcl,females,subtype
2045,1381.0719343452433,1231.1347786703743,1563.742410453213,4.974313720337697,4.365197426893964,5.7072428659369,dlbcl,females,subtype
2022,811.9339444285704,768.0468651107714,855.2185335558434,5.3237435197270075,5.025330205844692,5.6128021606833975,follicular,males,subtype
2023,833.0715774343221,786.8127925191006,877.4112847467944,5.312195093960542,5.0128877680851245,5.596257513633558,follicular,males,subtype
2024,852.2937421147121,806.2924698951359,898.9770935038836,5.295607500040527,4.992749556853653,5.583657569248791,follicular,males,subtype
2025,871.2767702210376,824.0234370904111,920.9586165772247,5.272382038439989,4.966155380990769,5.571546320616243,follicular,males,subtype
2026,891.1827201998752,842.247750676792,942.8846575915455,5.243711899908565,4.9412602799483025,5.550996333741048,follicular,males,subtype
2027,909.8332351889626,858.1972166473029,964.5844273913401,5.2056042754132,4.907974564516049,5.524822617148646,follicular,males,subtype
2028,925.6668490183524,872.0505817196731,983.7130843852848,5.1630288076834,4.861176221844965,5.493248950707585,follicular,males,subtype
2029,939.9470155088396,884.4612027608454,1002.0272994174597,5.118106367334285,4.812164968942796,5.463650083376818,follicular,males,subtype
2030,952.7182646984686,894.3756198863715,1017.9344652503544,5.07418136310589,4.758345396318942,5.433792207160186,follicular,males,subtype
2031,964.2453359583267,902.7919601324191,1032.7897064402541,5.028165737205438,4.704487917025926,5.398000344096857,follicular,males,subtype
2032,974.4191033298188,910.0083007771382,1047.6428139106522,4.981547727432401,4.6459958619214365,5.369950389015137,follicular,males,subtype
2033,983.7930887704981,916.1239286042506,1062.0683137043923,4.929612273806095,4.58401379999723,5.3313101679807735,follicular,males,subtype
2034,992.64599394032,922.2132139858459,1074.9027577652994,4.87782739144458,4.521941422693628,5.291205382119032,follicular,males,subtype
2035,1001.6625451595734,927.4116506691081,1087.1553791359238,4.823421204542442,4.45647687092874,5.251189685474566,follicular,males,subtype
2036,1010.0480464202353,932.6352177641619,1099.0985191709694,4.762609422755968,4.391203868197061,5.19844773555678,follicular,males,subtype
2037,1016.37331028288,936.9686616549694,1108.533052742999,4.698583079802708,4.318079046080749,5.146947541631972,follicular,males,subtype
2038,1020.6805238255724,938.4827747391181,1116.7475315896063,4.628894413967723,4.235007768085431,5.088207646892772,follicular,males,subtype
2039,1023.0142397045361,937.8152198498381,1121.7467402817326,4.554199634757288,4.151088142248475,5.026019284241115,follicular,males,subtype
2040,1022.4010081954651,935.5278109461664,1125.28658280429,4.479304889254173,4.058947168383037,4.958268378025149,follicular,males,subtype
2041,1020.9258468588296,930.622028394354,1128.558284290307,4.399742499065205,3.9694411484843544,4.895373134554062,follicular,males,subtype
2042,1017.6288527330826,924.3193925237974,1129.4201881117624,4.320624230683778,3.88038508624011,4.8303634430923115,follicular,males,subtype
2043,1014.0535378855712,916.9140190188518,1129.9173030528957,4.239472408765005,3.801859879586098,4.75812997590607,follicular,males,subtype
2044,1011.4971045867633,910.6142465405268,1131.2263178430098,4.162985919275233,3.7199011495108025,4.694837481148728,follicular,males,subtype
2045,1009.0821318598232,904.8910425546992,1133.8805176691656,4.0882789096235115,3.6454498862738127,4.6441912279902215,follicular,males,subtype
2022,636.1407926019629,598.5581587467175,672.4830307349251,3.800803097979923,3.578891579872584,4.021499728361706,follicular,females,subtype
2023,649.700417506428,611.5104925854624,685.9165417985193,3.7655816059124523,3.545372456640136,3.9815212918150316,follicular,females,subtype
2024,661.318701225126,623.3012873366262,699.4695151200327,3.727383555533298,3.5110094888712124,3.946941993535653,follicular,females,subtype
2025,672.9696166662497,633.7088820176734,711.9137399328582,3.684464233700891,3.468687729554817,3.900970123307125,follicular,females,subtype
2026,683.7850806414021,643.6675414663545,725.4480148202497,3.636733195007591,3.421630182242085,3.844559258173379,follicular,females,subtype
2027,693.2819766439055,651.5782867873384,736.5474230806349,3.5826141468610775,3.366686910847871,3.8039843791300885,follicular,females,subtype
2028,700.9650849513522,658.1163547723299,747.6303162258905,3.5248799293850146,3.312047010864652,3.7539593699934732,follicular,females,subtype
2029,707.6534926934056,663.4581267497774,756.7277751719795,3.4664192567965886,3.2524115716907334,3.7043883217104585,follicular,females,subtype
2030,712.9268935520636,666.9816392563055,763.985158889703,3.406163370294112,3.1834600397628465,3.648814044701096,follicular,females,subtype
2031,716.768630646774,668.7050910905497,770.9115419479891,3.3463457890181143,3.115854687079551,3.594492351382773,follicular,females,subtype
2032,719.2381759698128,669.7028849721611,776.6258610629892,3.2835570391996143,3.0497849492879663,3.5430743272517393,follicular,females,subtype
2033,721.0849677926142,669.5158701951324,781.1172618452229,3.2180433962767196,2.9816577127498314,3.488471897078912,follicular,females,subtype
2034,722.9548825561911,668.9230384450259,785.7584756072268,3.157528389768287,2.9175603222537827,3.4281723002437112,follicular,females,subtype
2035,724.311343106058,667.5886728490669,789.2779086552753,3.0959293051186063,2.84591878110503,3.3673845471425445,follicular,females,subtype
2036,725.2806448412382,666.0074902196435,792.3081255409818,3.0302548374069147,2.7762503658539774,3.305938089083984,follicular,females,subtype
2037,724.1504491202584,662.8141864560135,793.94484072498,2.9590017685570507,2.7036790660251553,3.238760655362533,follicular,females,subtype
2038,721.0651466036043,657.3013600040275,792.1347970282274,2.8871401200769293,2.6294528211717805,3.168816556942747,follicular,females,subtype
2039,716.4786213828496,652.2284485332373,789.2813502101314,2.8121484024554437,2.553486572821736,3.1019507306102416,follicular,females,subtype
2040,710.86353232535,645.121915722935,785.4655757235421,2.737565417060437,2.4759977151004273,3.032510978403778,follicular,females,subtype
2041,704.1554923079766,637.0335579868546,779.5673296216098,2.6635126346176823,2.3989811794828544,2.9621124243963814,follicular,females,subtype
2042,696.4129860681223,628.2988399845991,774.3813972585812,2.5905705318563217,2.322553519645777,2.892864506670201,follicular,females,subtype
2043,688.3297325122014,618.2307587244509,768.6274657846247,2.5162385496167907,2.2496242179250507,2.822023452354377,follicular,females,subtype
2044,680.9984227082414,609.3738402344675,762.1950491773978,2.449883749411196,2.1856775202993743,2.7564214461088015,follicular,females,subtype
2045,674.4006646400345,602.3315424748372,755.9079367205871,2.388942537575559,2.1276611453547547,2.698212769762884,follicular,females,subtype
2022,223.01566670993242,202.11631931010476,247.9560700985182,1.4034954451497674,1.2698373465012485,1.5582824554909922,mantle_cell,males,subtype
2023,233.36211695423071,211.82734258186323,259.80113351069787,1.4237590239189895,1.2914135072864712,1.5816835485046077,mantle_cell,males,subtype
2024,243.6742475543232,221.16768029194245,271.5813595206551,1.4427562911166345,1.3090920258564083,1.6052205101183632,mantle_cell,males,subtype
2025,254.55266753924616,230.61470931507603,283.11692636101225,1.4628980944388423,1.321257833225546,1.6266327516552355,mantle_cell,males,subtype
2026,266.5879977889109,240.21461554016412,297.2540425646051,1.484135792503581,1.3321513084856804,1.6585785505145891,mantle_cell,males,subtype
2027,278.9995963764791,249.6846492519874,312.8937228303742,1.5078459278626952,1.3438399637389413,1.6917441737739565,mantle_cell,males,subtype
2028,290.9493621603628,258.7166569190908,328.2745237931453,1.5282508075991017,1.3553358468200496,1.7198501036023874,mantle_cell,males,subtype
2029,302.6589311969956,267.97720868729795,342.31015487771475,1.546597708998878,1.3671502611615094,1.7511932950755158,mantle_cell,males,subtype
2030,313.258559055873,276.31042320445437,356.18066795704766,1.5616033084466934,1.371499666677216,1.7828807041845518,mantle_cell,males,subtype
2031,322.93715454144353,283.1200120490661,369.7290854295826,1.5723058054574919,1.3674756566350126,1.8086704127080067,mantle_cell,males,subtype
2032,331.17234276611117,287.70889715992934,380.65627220676134,1.5772824303028732,1.365019260934762,1.8287406219306777,mantle_cell,males,subtype
2033,337.99391670051625,291.32408458921026,392.17791152655536,1.576722793675841,1.358217515740747,1.8472173678437875,mantle_cell,males,subtype
2034,344.9479994709236,295.2131792841047,402.9317609355574,1.572760005629494,1.341691011742884,1.864767711930539,mantle_cell,males,subtype
2035,351.5505656416822,298.8427354395892,413.80868337374363,1.5674915028351868,1.330377680551524,1.8802941792720218,mantle_cell,males,subtype
2036,358.7997940660379,303.03069844434077,426.4689880251008,1.5630480197252647,1.3147143079018382,1.8949046445055233,mantle_cell,males,subtype
2037,366.11830733065983,306.38001663021737,440.7440561057477,1.5564791969505818,1.2977958446599853,1.9071396691390434,mantle_cell,males,subtype
2038,373.6111770065078,309.87776776430104,454.9006616690347,1.5481554852885222,1.279862023921121,1.9221228628546037,mantle_cell,males,subtype
2039,380.419438003284,312.8846351193004,466.05489269227525,1.541255909357781,1.262141476176092,1.9283935969365074,mantle_cell,males,subtype
2040,386.5140950179248,315.6538861799746,478.27993602639987,1.5326356327473891,1.2440284816792662,1.9456003435502534,mantle_cell,males,subtype
2041,391.1673409557191,317.86308268178055,490.74357423620376,1.5226647026160087,1.2227706974152635,1.949298464661899,mantle_cell,males,subtype
2042,394.7514505217673,317.8015967771674,500.4613646854741,1.511285876975196,1.2017023096879245,1.950266815051476,mantle_cell,males,subtype
2043,397.3083107827483,317.487185226612,509.73733823204054,1.4957886400441707,1.1793461648311274,1.947078676213888,mantle_cell,males,subtype
2044,399.4588839486165,317.0202779851507,518.8555704689683,1.4798797886206705,1.1557055587072975,1.9453951879445444,mantle_cell,males,subtype
2045,400.9813597558365,315.72030684475106,526.5211708648707,1.460251183702724,1.1310299729861257,1.939487135780659,mantle_cell,males,subtype
2022,81.70813944159036,68.05869963964749,99.05134743907324,0.458071437075782,0.3816360444941889,0.5555949182839864,mantle_cell,females,subtype
2023,87.00583241007737,72.74300120559745,104.6264042467896,0.47294165017840967,0.39384385187711435,0.570830315793663,mantle_cell,females,subtype
2024,92.28697511192262,77.34203721051207,110.85488370928985,0.48701700502030193,0.4059180624201142,0.5852498927497584,mantle_cell,females,subtype
2025,97.8169451942216,81.86021956687999,117.73950149356426,0.5005179351876878,0.41671248506157327,0.604301353789837,mantle_cell,females,subtype
2026,103.7059422942988,86.10230670579787,125.2372515833594,0.5149058374336455,0.4273911010161934,0.6239854819567849,mantle_cell,females,subtype
2027,109.72511952796526,91.04190095910273,133.62655876227328,0.5290189827816665,0.43568205505944174,0.6477538022969035,mantle_cell,females,subtype
2028,115.78358151546664,95.21939239956185,142.44198750094432,0.5418283958709713,0.4415741431090392,0.6669324115700799,mantle_cell,females,subtype
2029,121.63246697919337,98.70206466097562,151.29233520640506,0.5540463417940918,0.4451384804881506,0.6889736407211046,mantle_cell,females,subtype
2030,127.31099115654916,102.05737523862219,159.72159416547925,0.5646169399349186,0.4493643090759603,0.7168550785606571,mantle_cell,females,subtype
2031,132.85732683852052,104.8715251109642,169.13701629757162,0.5741298174058668,0.4523051403784952,0.7427519087087888,mantle_cell,females,subtype
2032,138.02518436984826,108.21991234994148,177.75961343389156,0.5832253862216878,0.4532728083651724,0.7644897182256007,mantle_cell,females,subtype
2033,143.17188448059835,111.35904589067326,187.1744344239848,0.5916925329882394,0.4552620112015196,0.7911884102607025,mantle_cell,females,subtype
2034,148.2544630576562,114.12844221294382,196.8184444840052,0.5980173876182613,0.45211091614329596,0.8105801656258351,mantle_cell,females,subtype
2035,153.51799491655774,117.31128203165011,206.93770580714317,0.6042614109406763,0.4490956656582333,0.8343821463967757,mantle_cell,females,subtype
2036,159.09591862963313,119.78408610647674,217.83450716279305,0.6111524076587342,0.44591917669890735,0.8569355281181149,mantle_cell,females,subtype
2037,164.74545474465566,122.63543281706175,228.49282439400915,0.6163070622015661,0.44235634712074906,0.8789110151498376,mantle_cell,females,subtype
2038,170.4895447298822,124.70837404709563,238.62783772550046,0.6234410134198702,0.43848708043209605,0.9034585804744084,mantle_cell,females,subtype
2039,175.83525288288152,126.62353207538845,248.46719751882523,0.629119786798707,0.4360109667241179,0.9261826624669257,mantle_cell,females,subtype
2040,180.65218504074699,128.14739964797667,259.4741183625145,0.6328448399259315,0.4310070737606711,0.9548783876162686,mantle_cell,females,subtype
2041,184.92898507863356,129.17175774117152,269.79193070762153,0.6371847997618613,0.42464747279696297,0.9785469443480297,mantle_cell,females,subtype
2042,188.61696148825473,129.24796210498764,281.59817997478,0.6389961597801771,0.41928282852473286,1.0046954717549788,mantle_cell,females,subtype
2043,192.6478178888788,129.4832544805937,293.28827537975417,0.6428743280863471,0.4126859056187368,1.0292054654667717,mantle_cell,females,subtype
2044,196.72477574023344,129.7940374978152,304.8063315545856,0.6451748258064678,0.40853135043689714,1.0522494863620464,mantle_cell,females,subtype
2045,200.15855148854376,129.6071297014434,317.9264804936118,0.6474323227490479,0.39963897809768145,1.0736965463587633,mantle_cell,females,subtype
2022,4012.0248711065187,3931.4327011623714,4095.467815741501,26.65310588161368,26.095993688562288,27.19762564901926,total,males,total
2023,4147.329551941057,4065.6632699755564,4229.072196293637,26.76006111174971,26.221811344391462,27.271346337735565,total,males,total
2024,4277.418431064403,4195.915115928097,4358.316247551379,26.841027007823328,26.333457684035857,27.351460235068558,total,males,total
2025,4407.848060875132,4327.115773567073,4489.718945449951,26.914803805794676,26.415426951442427,27.4187199121585,total,males,total
2026,4542.170931101544,4457.940559275388,4624.146310163627,26.9791823564179,26.476662483439984,27.48170653693611,total,males,total
2027,4673.697964595841,4587.622952344983,4759.015591565884,27.033857477936902,26.533829425733757,27.545601516303122,total,males,total
2028,4801.358913389619,4713.557143781716,4891.268115515276,27.06777034071919,26.560045422156694,27.60132255562175,total,males,total
2029,4924.024967243533,4834.228778780317,5016.911614852357,27.09577635576463,26.58562833550669,27.62508578000294,total,males,total
2030,5039.72282353021,4947.669742392346,5138.804375780147,27.107690541273286,26.603316550739223,27.64872021262745,total,males,total
2031,5152.274134847055,5054.035019468874,5258.085868725163,27.11150361964588,26.59185539971737,27.673781629479116,total,males,total
2032,5263.122795055855,5160.040032387701,5373.770021099072,27.100421267460746,26.576560570273497,27.668551183032832,total,males,total
2033,5368.9587731626125,5260.0404024783165,5488.440896679102,27.079060412781388,26.521661545806886,27.672749266848268,total,males,total
2034,5472.664955220283,5358.160162744022,5600.986719400566,27.04196941839021,26.46465831326852,27.668111897271334,total,males,total
2035,5574.7399175572045,5454.864230161804,5709.317175297111,27.005914700231838,26.41095063297887,27.650583911878368,total,males,total
2036,5680.692445618095,5553.9856806937005,5823.39004798702,26.956481368477228,26.349554797911424,27.6280505139046,total,males,total
2037,5782.132470328934,5646.615918555228,5929.877236922861,26.901721274200785,26.273326070454196,27.60714020634518,total,males,total
2038,5873.838480813962,5732.243544414987,6028.565866274889,26.83850627009517,26.1752185753466,27.567155760069813,total,males,total
2039,5956.721533382546,5808.6738671969315,6118.6447289644175,26.761678606782453,26.06784839096086,27.518335323343425,total,males,total
2040,6030.292292863492,5876.833728906129,6200.465077047306,26.67529182536239,25.96028289416713,27.457105427071653,total,males,total
2041,6098.50084186516,5938.437218749486,6274.842610316566,26.584687135633384,25.847479953677464,27.40409713822186,total,males,total
2042,6160.4051880443385,5992.9574922124075,6346.074160378646,26.48603730924229,25.72860465942297,27.348984636339658,total,males,total
2043,6216.674989031961,6042.380179003699,6410.967803330987,26.37620999448594,25.61190988206629,27.289606588820483,total,males,total
2044,6273.800504717756,6092.44252908875,6475.424681270922,26.266887418131645,25.491524727898042,27.204853901162636,total,males,total
2045,6330.028265045787,6144.091866222133,6540.001189533541,26.155971829245118,25.363950273772385,27.116517015055052,total,males,total
2022,3043.9524236970556,2976.6788011714216,3121.606482128789,18.553359901423825,18.136004479757663,19.02899835381426,total,females,total
2023,3143.9791952014257,3078.4047079868774,3221.5483490219394,18.606872294966877,18.209098911162886,19.078086610718,total,females,total
2024,3240.579213526601,3175.528509135474,3319.759181994844,18.65593320593448,18.266972915650843,19.1187359971777,total,females,total
2025,3338.8111317531047,3272.2252193039435,3417.5412562420174,18.699851307472436,18.3124466832033,19.15259662329618,total,females,total
2026,3438.629275905513,3369.3158675316417,3518.900912521209,18.734192620205004,18.345318894215403,19.183520650030864,total,females,total
2027,3536.860993581832,3464.833658107819,3620.7490231170273,18.77161726039759,18.367409189619682,19.20983671100421,total,females,total
2028,3633.9691929818955,3558.196619916355,3719.589871285689,18.799013250496472,18.389502616693168,19.251046181580023,total,females,total
2029,3726.5050644896355,3644.8914719153913,3813.815593475187,18.817778308322513,18.391993130851294,19.282577104567974,total,females,total
2030,3816.6563030059206,3732.290341330816,3905.779558133765,18.832458519712993,18.395173217177494,19.304899812252863,total,females,total
2031,3902.501950422765,3814.3942899383937,3997.669368001055,18.84109149219018,18.39270499431217,19.324435235342637,total,females,total
2032,3987.297493772103,3894.0343948295304,4087.144277394877,18.848683735337243,18.377211841140024,19.361395118375942,total,females,total
2033,4071.2713128357877,3972.3334180539932,4176.254765300349,18.851388398723472,18.348547165338637,19.380998597088706,total,females,total
2034,4154.471304434073,4050.2160045116125,4267.128820753645,18.845169459913684,18.324995270701375,19.394526600376448,total,females,total
2035,4237.430723535232,4127.548398547657,4357.473967042187,18.832630709331788,18.313626680159118,19.42144464286098,total,females,total
2036,4322.914130081825,4205.6000574158625,4451.258837099324,18.82246882462387,18.272751724378665,19.445627908929886,total,females,total
2037,4404.465721349485,4279.356363734629,4539.771440087452,18.80829190866033,18.23932758468908,19.460234410268843,total,females,total
2038,4482.379903883073,4351.415141164484,4623.847198687783,18.790345345895915,18.20597010790991,19.46034392388229,total,females,total
2039,4554.639469949947,4416.698348141652,4703.302652091629,18.771492126215875,18.15944980511181,19.463452021102636,total,females,total
2040,4620.234594780823,4476.730505516961,4776.8959011923425,18.749634912878097,18.1027225113827,19.4717008357195,total,females,total
2041,4680.801802500693,4530.143449858986,4845.679855273894,18.725608012708513,18.048770378992014,19.484733436927662,total,females,total
2042,4739.8445206816905,4580.389994460087,4911.025719435465,18.702967865460963,18.007222330003145,19.481017009386495,total,females,total
2043,4795.962053256225,4629.203332936927,4974.554169697153,18.674153091849277,17.954643126198885,19.486356651411572,total,females,total
2044,4853.10174557272,4677.61101486589,5039.323669253454,18.644146724726212,17.906403625457916,19.48397038465473,total,females,total
2045,4908.661636132145,4728.0297274101895,5104.908662959552,18.616852051583848,17.86255463356014,19.476916801233557,total,females,total
2022,7057.326113883993,6950.497754605525,7170.965790549185,22.377284527254865,22.03236761822711,22.736776975371484,total,persons,total
2023,7292.520873727159,7187.71939207237,7406.321160128788,22.451112895126478,22.125415806353107,22.803441347372186,total,persons,total
2024,7518.04812628189,7411.402347257165,7634.287648839178,22.517178386212542,22.202478105874107,22.861632569394395,total,persons,total
2025,7745.655909104678,7639.505986055261,7863.48224497324,22.57319753640476,22.257555917066416,22.91202198594401,total,persons,total
2026,7980.664507547166,7874.185180908764,8100.358236043283,22.623595145017436,22.310309361332692,22.957963194242126,total,persons,total
2027,8210.906735496563,8100.516451482234,8332.433638117496,22.666855255100554,22.355051217332118,23.002743911752148,total,persons,total
2028,8435.407184409683,8319.120234652559,8561.282720840842,22.70003601499024,22.377113048798186,23.040003672104742,total,persons,total
2029,8650.236819319352,8533.58457669554,8781.737873004897,22.719176187478244,22.388584618592184,23.064597159802563,total,persons,total
2030,8857.451189765263,8733.436821783338,8995.318345576079,22.730992809699003,22.39992214054614,23.08905956193655,total,persons,total
2031,9056.946618988877,8927.650620844857,9200.156707630858,22.735128368257314,22.392686578126114,23.107190312683226,total,persons,total
2032,9250.901981404786,9114.88737973984,9404.632829615257,22.733161032597977,22.38481003634172,23.116410423481973,total,persons,total
2033,9439.837969879318,9297.227940264602,9603.193445183464,22.716173586866688,22.356790439698067,23.126032557275124,total,persons,total
2034,9627.952915185597,9477.782507514892,9800.330894672916,22.695783243209785,22.323679103752134,23.1170518360661,total,persons,total
2035,9812.194581616759,9651.720223398841,9995.46198067846,22.66819653633219,22.27512311977847,23.099750386314195,total,persons,total
2036,10004.471218371806,9829.521156458413,10192.105379762674,22.636448892144152,22.219392440088985,23.08072598389106,total,persons,total
2037,10186.445197873185,10002.907144373823,10382.576529717178,22.598550859329855,22.165516500284365,23.06934269585941,total,persons,total
2038,10356.937981704257,10166.563685565949,10564.000517795777,22.55665177413728,22.110335543327725,23.049431870991047,total,persons,total
2039,10513.395352348325,10310.348844773343,10731.074558928216,22.510461453327636,22.04850590528514,23.021510262935443,total,persons,total
2040,10652.439354759252,10441.107079002659,10883.509252993586,22.45127709842727,21.98406617825511,22.98372218028562,total,persons,total
2041,10780.63691424094,10563.247272979937,11021.597748749271,22.39583076205952,21.906626145688183,22.94586506369762,total,persons,total
2042,10898.1463336985,10674.381683359168,11149.7848811026,22.335852993820446,21.819497447279883,22.899290329810928,total,persons,total
2043,11010.74569272367,10774.677608659824,11275.345464321159,22.272674636894802,21.73425389442827,22.848625540439276,total,persons,total
2044,11125.730421464603,10877.099890020594,11404.346392338153,22.205007618151793,21.65337519833175,22.797597235843195,total,persons,total
2045,11239.523383104075,10980.204969181586,11529.629425005785,22.139880939418916,21.57270983744591,22.742928355451994,total,persons,total
