tier,subtype,sex,n_a,n_p,n_c,tot_knots,cases_mape,pe_2021,n_coef,dev_df_full,aic_full
agg,nhl,males,4,4,4,12,2.832151300523612,2.7410227967183,9,2.1776571212120497,2590.5596387884734
agg,nhl,females,4,4,4,12,1.9579612415610645,0.8502453677749819,9,1.9211994779287924,2417.325653095632
agg,hodgkin,males,4,4,4,12,4.79355912806965,2.103836145005928,9,3.0661997552264126,2324.0358352401013
agg,hodgkin,females,4,4,4,12,7.947587341361071,1.982664893859936,9,3.3555558611069385,2339.3854981976697
subtype,dlbcl,males,4,4,4,12,2.134559055307168,1.8399485189704141,9,2.1254233925306094,1348.5681546519472
subtype,dlbcl,females,4,4,4,12,5.749693346864863,4.016252144852458,8,1.98073808243085,1264.6268878478759
subtype,follicular,males,4,4,4,12,4.588697632518396,-0.09789728869610112,9,1.7349451466226593,1159.4634819036141
subtype,follicular,females,4,4,4,12,8.305532446139871,-4.140475805058183,9,2.1286935729737904,1172.8904218233215
subtype,mantle_cell,males,4,4,4,12,11.348187448363376,45.56297257614062,8,1.1461928951001925,765.7356646565946
subtype,mantle_cell,females,4,4,4,12,19.495593174961353,47.0823269605616,9,0.9361896223337488,603.4014206159721
agg,nhl,males,5,4,4,13,2.832151300523612,2.7410227967183,9,2.101982217348733,2569.4463406106092
agg,nhl,females,5,4,4,13,1.9523129516428632,0.9858486597864844,10,1.1641672902582965,2206.949505445303
agg,hodgkin,males,5,4,4,13,4.963974383001302,2.93861516176402,10,2.3388687049271453,2120.7716035016797
agg,hodgkin,females,5,4,4,13,6.724599398688475,-1.2006176587573172,9,4.155551182148354,2562.584192768227
subtype,dlbcl,males,5,4,4,13,2.1392065508683675,1.8142001455234762,9,2.1254233925306094,1348.5681546519472
subtype,dlbcl,females,5,4,4,13,8.520351172005993,9.285757040876028,10,1.2075150422119403,1140.1765022077698
subtype,follicular,males,5,4,4,13,4.812287249888285,-0.7070155662245029,9,1.7349451466226593,1159.4634819036141
subtype,follicular,females,5,4,4,13,8.619624657162896,-3.888390028827208,9,2.1286935729737904,1172.8904218233215
subtype,mantle_cell,males,5,4,4,13,12.796065880828579,50.71557139658093,9,0.9366832428221011,732.6489080924434
subtype,mantle_cell,females,5,4,4,13,21.249993476630774,52.84294394868289,9,0.9361896223337488,603.4014206159721
agg,nhl,males,6,4,4,14,2.8395860174447507,2.700059069849161,9,2.101982217348733,2569.4463406106092
agg,nhl,females,6,4,4,14,1.9721897638450523,1.393931979748326,10,1.1751288887496916,2209.996829825913
agg,hodgkin,males,6,4,4,14,4.972510477064811,3.0012935138766865,10,2.5275348801655615,2173.2208002179605
agg,hodgkin,females,6,4,4,14,7.844028710767831,1.62686253927464,10,2.9247655803145793,2218.270244276288
subtype,dlbcl,males,6,4,4,14,2.1392065508683675,1.8142001455234762,9,2.132243628395734,1349.6730328620984
subtype,dlbcl,females,6,4,4,14,8.578370901341131,9.335132968618657,10,1.2075150422119403,1140.1765022077698
subtype,follicular,males,6,4,4,14,4.812287249888285,-0.7070155662245029,10,1.3240951911822227,1093.581693931081
subtype,follicular,females,6,4,4,14,8.878790936885794,-4.56443472154361,9,2.1286935729737904,1172.8904218233215
subtype,mantle_cell,males,6,4,4,14,12.796065880828579,50.71557139658093,9,0.9366832428221011,732.6489080924434
subtype,mantle_cell,females,6,4,4,14,21.249993476630774,52.84294394868289,10,0.8652384373455639,593.0420902105409
agg,nhl,males,7,4,4,15,2.8395860174447507,2.700059069849161,10,2.0579839427013153,2557.112838041279
agg,nhl,females,7,4,4,15,1.9722477898392214,1.3658511625905272,10,1.1751288887496916,2209.996829825913
agg,hodgkin,males,7,4,4,15,4.969043274696887,2.97526283254161,11,2.318335262252548,2114.744971175889
agg,hodgkin,females,7,4,4,15,7.844028710767831,1.62686253927464,10,3.199579649323179,2294.668555460679
subtype,dlbcl,males,7,4,4,15,2.132359635549277,1.8188786733669442,10,1.5014574633409556,1247.984216659883
subtype,dlbcl,females,7,4,4,15,8.578370901341131,9.335132968618657,10,1.2116260701475954,1140.8383777054094
subtype,follicular,males,7,4,4,15,4.812287249888285,-0.7070155662245029,10,1.3240951911822227,1093.581693931081
subtype,follicular,females,7,4,4,15,8.878790936885794,-4.56443472154361,10,1.4220256126458288,1058.9881866375451
subtype,mantle_cell,males,7,4,4,15,12.796065880828579,50.71557139658093,10,0.8836584879833568,725.1752393205841
subtype,mantle_cell,females,7,4,4,15,21.249993476630774,52.84294394868289,10,0.8652384373455639,593.0420902105409
agg,nhl,males,4,5,4,13,2.3330641505410443,3.262661423271407,10,2.167554358151712,2587.573413536489
agg,nhl,females,4,5,4,13,2.1238392044306384,0.6176134600131312,10,1.885949660952582,2407.605004498318
agg,hodgkin,males,4,5,4,13,4.923131955995645,2.5095321799047934,10,3.0753162835434775,2325.50403035702
agg,hodgkin,females,4,5,4,13,7.783916441739892,1.8013653864140882,10,3.3632393195822186,2340.1659437926905
subtype,dlbcl,males,4,5,4,13,2.217481802344552,2.175356232660945,10,2.1360482206097657,1350.1533285801618
subtype,dlbcl,females,4,5,4,13,4.697375877908342,3.3080075171632353,9,1.986766925370409,1265.6228223216533
subtype,follicular,males,4,5,4,13,4.295547956258954,-0.8456877982478536,10,1.73746406396929,1160.1340824497981
subtype,follicular,females,4,5,4,13,10.07172315549432,-5.487435621693976,10,2.1247478410264393,1172.126465406824
subtype,mantle_cell,males,4,5,4,13,11.239168602624673,45.40543583378675,9,1.1218730857702695,762.649662650047
subtype,mantle_cell,females,4,5,4,13,19.836069336423833,49.310508926200896,10,0.9367880172709222,604.5615725785229
agg,nhl,males,5,5,4,14,2.3330641505410443,3.262661423271407,10,2.091383472399165,2566.397907297279
agg,nhl,females,5,5,4,14,2.117869866026094,0.7534323856454586,11,1.12350076128888,2196.5207096305185
agg,hodgkin,males,5,5,4,14,5.093244454222503,3.343375697289594,11,2.345471941720075,2122.2618313883954
agg,hodgkin,females,5,5,4,14,6.66616648918386,-1.3679574285189422,10,4.166186335961217,2563.385214346053
subtype,dlbcl,males,5,5,4,14,2.2221212206656307,2.1494137030868767,10,2.1360482206097657,1350.1533285801618
subtype,dlbcl,females,5,5,4,14,7.206731617454136,8.546960252783311,11,1.208899794809138,1141.1905475811097
subtype,follicular,males,5,5,4,14,4.528872302539366,-1.445969013895692,10,1.73746406396929,1160.1340824497981
subtype,follicular,females,5,5,4,14,10.380396686463293,-5.240074038467886,10,2.1247478410264393,1172.126465406824
subtype,mantle_cell,males,5,5,4,14,12.68936537655586,50.55868932999415,10,0.9109307021825926,729.566065806661
subtype,mantle_cell,females,5,5,4,14,21.620032951032535,55.0697056027966,10,0.9367880172709222,604.5615725785229
agg,nhl,males,6,5,4,15,2.340917842646797,3.221365802685473,10,2.091383472399165,2566.397907297279
agg,nhl,females,6,5,4,15,2.122306449000661,1.1527769338865543,11,1.1349690661122709,2199.6974300665997
agg,hodgkin,males,6,5,4,15,5.101350914882925,3.4048413350285065,11,2.534787511233873,2174.702244143719
agg,hodgkin,females,6,5,4,15,7.683039396760291,1.4491220715190007,11,2.9311085623108832,2219.1024847089516
subtype,dlbcl,males,6,5,4,15,2.2221212206656307,2.1494137030868767,10,2.1429014751812834,1351.2567025661767
subtype,dlbcl,females,6,5,4,15,7.2529432637881985,8.59419933137439,11,1.208899794809138,1141.1905475811097
subtype,follicular,males,6,5,4,15,4.528872302539366,-1.445969013895692,11,1.324166809478347,1094.2690576672778
subtype,follicular,females,6,5,4,15,10.636027199505559,-5.911546830013322,10,2.1247478410264393,1172.126465406824
subtype,mantle_cell,males,6,5,4,15,12.68936537655586,50.55868932999415,10,0.9109307021825926,729.566065806661
subtype,mantle_cell,females,6,5,4,15,21.620032951032535,55.0697056027966,11,0.8652351254992645,594.176321877787
agg,nhl,males,7,5,4,16,2.340917842646797,3.221365802685473,11,2.046638658628007,2553.9122104102707
agg,nhl,females,7,5,4,16,2.1275664833042844,1.1244974623311315,11,1.1349690661122709,2199.6974300665997
agg,hodgkin,males,7,5,4,16,5.098053763075681,3.3792801805347294,12,2.3248661100323496,2116.229149900863
agg,hodgkin,females,7,5,4,16,7.683039396760291,1.4491220715190007,11,3.206957687280114,2295.512692325426
subtype,dlbcl,males,7,5,4,16,2.215278389555095,2.1542561806869025,11,1.50795035156893,1249.5216213130186
subtype,dlbcl,females,7,5,4,16,7.2529432637881985,8.59419933137439,11,1.2130378710872913,1141.8526397856144
subtype,follicular,males,7,5,4,16,4.528872302539366,-1.445969013895692,11,1.324166809478347,1094.2690576672778
subtype,follicular,females,7,5,4,16,10.636027199505559,-5.911546830013322,11,1.413809907882068,1058.2516482626982
subtype,mantle_cell,males,7,5,4,16,12.68936537655586,50.55868932999415,11,0.8575499485055624,722.1142145161534
subtype,mantle_cell,females,7,5,4,16,21.620032951032535,55.0697056027966,11,0.8652351254992645,594.176321877787
agg,nhl,males,4,6,4,14,1.959730198741492,3.7278683642449066,11,2.1737048133596,2589.1095352709226
agg,nhl,females,4,6,4,14,2.106514491178462,0.6573797390200803,11,1.8867455589778004,2407.93951859035
agg,hodgkin,males,4,6,4,14,4.867323405993284,2.3396300518876454,11,3.0830329377607293,2326.5662272916557
agg,hodgkin,females,4,6,4,14,8.738772311853099,2.850062801847561,11,3.371580316666383,2341.113160665423
subtype,dlbcl,males,4,6,4,14,2.243984027091999,2.2830334833784014,11,2.137098196185206,1350.1852764516223
subtype,dlbcl,females,4,6,4,14,4.753380062074161,3.3706838170393603,10,1.9935001236151655,1266.7201003136893
subtype,follicular,males,4,6,4,14,4.389120509319171,-1.8079009475974948,11,1.7291157888196202,1159.060894361882
subtype,follicular,females,4,6,4,14,10.32207664514952,-5.679394508325079,11,2.135923836523575,1173.7898768453388
subtype,mantle_cell,males,4,6,4,14,10.864696203526588,44.85585991970446,10,1.119085365459188,763.0789665941921
subtype,mantle_cell,females,4,6,4,14,20.179886670850713,49.485435702932726,11,0.9387396652082789,605.9370482312296
agg,nhl,males,5,6,4,15,1.959730198741492,3.7278683642449066,11,2.097236243673416,2567.927741467849
agg,nhl,females,5,6,4,15,2.1005091570563756,0.7932809951619016,12,1.121014427821532,2196.710980832243
agg,hodgkin,males,5,6,4,15,5.0336757191180235,3.161484927471924,12,2.350460003161486,2123.2930644045036
agg,hodgkin,females,5,6,4,15,7.301529378194617,-0.3369509285432013,11,4.177459263128327,2564.341628835383
subtype,dlbcl,males,5,6,4,15,2.248655222415372,2.2571771184003167,11,2.137098196185206,1350.1852764516223
subtype,dlbcl,females,5,6,4,15,7.3007639042541594,8.610509528582343,12,1.2107116487624225,1142.2697325648721
subtype,follicular,males,5,6,4,15,4.6212644055941645,-2.4068018252057484,11,1.7291157888196202,1159.060894361882
subtype,follicular,females,5,6,4,15,10.631129520645164,-5.434158298077023,11,2.135923836523575,1173.7898768453388
subtype,mantle_cell,males,5,6,4,15,12.304593137914305,49.98415848666738,11,0.9067697484886811,729.9893825134523
subtype,mantle_cell,females,5,6,4,15,21.967666738178867,55.25131302318456,11,0.9387396652082789,605.9370482312296
agg,nhl,males,6,6,4,16,1.9663996565416346,3.686423234935109,11,2.097236243673416,2567.927741467849
agg,nhl,females,6,6,4,16,2.1043591917678106,1.1944286357304787,12,1.1326430619426182,2199.920483849663
agg,hodgkin,males,6,6,4,16,5.041353693152983,3.221593212173759,12,2.540508117273531,2175.7463438994264
agg,hodgkin,females,6,6,4,16,8.624365071192582,2.481908157224493,12,2.9380045030525883,2220.07465579135
subtype,dlbcl,males,6,6,4,16,2.248655222415372,2.2571771184003167,11,2.1439917443787224,1351.2882441625845
subtype,dlbcl,females,6,6,4,16,7.347133400053209,8.657973638385844,12,1.2107116487624225,1142.2697325648721
subtype,follicular,males,6,6,4,16,4.6212644055941645,-2.4068018252057484,12,1.3127786504207415,1093.1341735676408
subtype,follicular,females,6,6,4,16,10.885885228467309,-6.104382117777144,11,2.135923836523575,1173.7898768453388
subtype,mantle_cell,males,6,6,4,16,12.304593137914305,49.98415848666738,11,0.9067697484886811,729.9893825134523
subtype,mantle_cell,females,6,6,4,16,21.967666738178867,55.25131302318456,12,0.8668479240711496,595.5675217252181
agg,nhl,males,7,6,4,17,1.9663996565416346,3.686423234935109,12,2.0522730017252337,2555.4206504464796
agg,nhl,females,7,6,4,17,2.1081512399183313,1.1661233789898962,12,1.1326430619426182,2199.920483849663
agg,hodgkin,males,7,6,4,17,5.038184739863523,3.1964460047022065,13,2.3297916605186924,2117.258810174574
agg,hodgkin,females,7,6,4,17,8.624365071192582,2.481908157224493,12,3.214869224830728,2296.489319002118
subtype,dlbcl,males,7,6,4,17,2.241778643201948,2.261922992109009,12,1.5049707426510768,1249.5399131435101
subtype,dlbcl,females,7,6,4,17,7.347133400053209,8.657973638385844,12,1.2148700809477984,1142.9309232823473
subtype,follicular,males,7,6,4,17,4.6212644055941645,-2.4068018252057484,12,1.3127786504207415,1093.1341735676408
subtype,follicular,females,7,6,4,17,10.885885228467309,-6.104382117777144,12,1.4207465756884263,1059.9407685360275
subtype,mantle_cell,males,7,6,4,17,12.304593137914305,49.98415848666738,12,0.8530180684754237,722.5360956428558
subtype,mantle_cell,females,7,6,4,17,21.967666738178867,55.25131302318456,12,0.8668479240711496,595.5675217252181
agg,nhl,males,4,7,4,15,1.9719565617200725,3.7109128135877016,12,2.180171665957366,2590.720681774545
agg,nhl,females,4,7,4,15,2.116411883477675,0.6502599629077895,12,1.8874907581313012,2408.25844799774
agg,hodgkin,males,4,7,4,15,5.002103673388813,2.771260409205032,12,3.0919563491228077,2327.9460558898286
agg,hodgkin,females,4,7,4,15,9.66134417888452,3.8186282863436887,12,3.3764457484742656,2341.0844395277322
subtype,dlbcl,males,4,7,4,15,2.2503006222304114,2.309714762578379,12,2.1485089456100903,1351.862487413994
subtype,dlbcl,females,4,7,4,15,5.3790091650330725,3.905786013018638,11,1.998695928705023,1267.55792900445
subtype,follicular,males,4,7,4,15,4.344067151170215,-1.3679215525273198,12,1.735489069411063,1160.345130187102
subtype,follicular,females,4,7,4,15,10.711513600852216,-5.9500232545000244,12,2.151907265065076,1176.1953181469132
subtype,mantle_cell,males,4,7,4,15,10.423037614533254,44.202817358093526,11,1.113096200022055,763.0016147587917
subtype,mantle_cell,females,4,7,4,15,19.856779583024526,49.24342055041004,12,0.9369213250224356,606.7091924764726
agg,nhl,males,5,7,4,16,1.9719565617200725,3.7109128135877016,12,2.103510197845842,2569.562116575766
agg,nhl,females,5,7,4,16,2.1104227333583245,0.7861336419938272,13,1.1185281418176531,2196.9062377533537
agg,hodgkin,males,5,7,4,16,5.169909801531542,3.5984603126427768,13,2.3568040306991502,2124.6872119742006
agg,hodgkin,females,5,7,4,16,8.14713093856129,0.614023954488802,12,4.185329721499246,2564.336416082628
subtype,dlbcl,males,5,7,4,16,2.2549727746188264,2.2838427130737595,12,2.1485089456100903,1351.862487413994
subtype,dlbcl,females,5,7,4,16,7.988200433317467,9.169069973151426,13,1.2108234760523695,1143.0766896279215
subtype,follicular,males,5,7,4,16,4.576326049144395,-1.9656946667216517,12,1.735489069411063,1160.345130187102
subtype,follicular,females,5,7,4,16,11.01907409367211,-5.705484514874986,12,2.151907265065076,1176.1953181469132
subtype,mantle_cell,males,5,7,4,16,11.844915747288907,49.305587303550276,12,0.8993816210238508,729.9079004980557
subtype,mantle_cell,females,5,7,4,16,21.6404434878664,55.00182633463767,12,0.9369213250224356,606.7091924764726
agg,nhl,males,6,7,4,17,1.978602369545558,3.6695026926177516,12,2.103510197845842,2569.562116575766
agg,nhl,females,6,7,4,17,2.1164072434392596,1.1844383439714221,13,1.13027896986628,2200.137715466727
agg,hodgkin,males,6,7,4,17,5.177436092121552,3.6582376182072793,13,2.547595751196344,2177.154935110928
agg,hodgkin,females,6,7,4,17,9.549643116334671,3.452894422415822,13,2.941235197271217,2220.025092198422
subtype,dlbcl,males,6,7,4,17,2.2549727746188264,2.2838427130737595,12,2.155445652485702,1352.9654238072171
subtype,dlbcl,females,6,7,4,17,8.044777173764333,9.216854224361946,13,1.2108234760523695,1143.0766896279215
subtype,follicular,males,6,7,4,17,4.576326049144395,-1.9656946667216517,13,1.3165033113813043,1094.4098913489895
subtype,follicular,females,6,7,4,17,11.272692415372466,-6.37383529005234,12,2.151907265065076,1176.1953181469132
subtype,mantle_cell,males,6,7,4,17,11.844915747288907,49.305587303550276,12,0.8993816210238508,729.9079004980557
subtype,mantle_cell,females,6,7,4,17,21.6404434878664,55.00182633463767,13,0.8645815875008503,596.3425926230394
agg,nhl,males,7,7,4,18,1.978602369545558,3.6695026926177516,13,2.0585445579099346,2557.0930553955477
agg,nhl,females,7,7,4,18,2.1202346461515673,1.1560690181419067,13,1.13027896986628,2200.137715466727
agg,hodgkin,males,7,7,4,18,5.174354051920268,3.6333081780332788,14,2.3360731023561114,2118.6501335775074
agg,hodgkin,females,7,7,4,18,9.549643116334671,3.452894422415822,13,3.219223138458377,2296.4717760248877
subtype,dlbcl,males,7,7,4,18,2.2480940942974885,2.2885926241177157,13,1.5125382696996592,1251.2306116745349
subtype,dlbcl,females,7,7,4,18,8.044777173764333,9.216854224361946,13,1.214997083283019,1143.7361195703638
subtype,follicular,males,7,7,4,18,4.576326049144395,-1.9656946667216517,13,1.3165033113813043,1094.4098913489895
subtype,follicular,females,7,7,4,18,11.272692415372466,-6.37383529005234,13,1.432278740687771,1062.3421040302353
subtype,mantle_cell,males,7,7,4,18,11.844915747288907,49.305587303550276,13,0.845267055132205,722.4584174661519
subtype,mantle_cell,females,7,7,4,18,21.6404434878664,55.00182633463767,13,0.8645815875008503,596.3425926230394
agg,nhl,males,4,4,5,13,2.737383075033311,3.1435719469547276,10,2.176357767238758,2590.0207612626914
agg,nhl,females,4,4,5,13,1.9028541651178812,0.8876823413912991,10,1.9182893598055217,2416.595440779436
agg,hodgkin,males,4,4,5,13,4.577310700134876,-0.5226325803690678,10,2.8999393327967455,2276.749238049429
agg,hodgkin,females,4,4,5,13,6.153945359672827,-5.268775388363127,10,3.2153413000698983,2299.0502943682663
subtype,dlbcl,males,4,4,5,13,2.174520692124166,2.482796206545069,10,2.0071587039798615,1329.4021164027474
subtype,dlbcl,females,4,4,5,13,6.032379969035906,4.692488523161324,9,1.9681758275082546,1262.611064467985
subtype,follicular,males,4,4,5,13,5.200728201635734,-2.3251989341395856,10,1.5217679550425156,1125.4070089125878
subtype,follicular,females,4,4,5,13,10.942865471440088,-8.167664389328175,10,1.8789009298404176,1132.5451127058734
subtype,mantle_cell,males,4,4,5,13,10.940894211060908,44.79794391592916,9,0.9117047983450902,728.6024000871679
subtype,mantle_cell,females,4,4,5,13,19.713685370240594,47.59795636713651,10,0.8780077829911644,595.0979548594821
agg,nhl,males,5,4,5,14,2.737383075033311,3.1435719469547276,10,2.0859280076234943,2564.881288089642
agg,nhl,females,5,4,5,14,1.9098535577966727,0.9278763538783503,11,1.1651810656785853,2208.0661539464686
agg,hodgkin,males,5,4,5,14,4.547793868746778,0.26320952720071494,11,2.320264658790611,2115.279414016933
agg,hodgkin,females,5,4,5,14,6.098392565975452,-5.7209735872594845,10,3.8848574567209,2485.1757859172453
subtype,dlbcl,males,5,4,5,14,2.3912400675876393,3.4756776891913734,10,2.0071587039798615,1329.4021164027474
subtype,dlbcl,females,5,4,5,14,8.827919911798668,9.86736314764269,11,1.1971207676530846,1139.3059032361407
subtype,follicular,males,5,4,5,14,4.8021255921186,-0.5927161754867194,10,1.5217679550425156,1125.4070089125878
subtype,follicular,females,5,4,5,14,10.579883652173947,-7.44609642073281,10,1.8789009298404176,1132.5451127058734
subtype,mantle_cell,males,5,4,5,14,10.89965374512206,45.38135628358867,10,0.8256977355971257,715.8435581864006
subtype,mantle_cell,females,5,4,5,14,46.64141715287319,90.37529436568325,10,0.8780077829911644,595.0979548594821
agg,nhl,males,6,4,5,15,2.720310220485356,3.1588079807998835,10,2.0859280076234943,2564.881288089642
agg,nhl,females,6,4,5,15,1.9684603980681017,1.37497977746334,11,1.178185273047697,2211.6683193877107
agg,hodgkin,males,6,4,5,15,4.5555797914489,0.29808747210082726,11,2.5059617361263573,2166.7175044389364
agg,hodgkin,females,6,4,5,15,6.486936554248889,-3.276544642741096,11,2.9184862837835603,2215.6061135568807
subtype,dlbcl,males,6,4,5,15,2.3912400675876393,3.4756776891913734,10,2.0121465518264197,1330.2051599060424
subtype,dlbcl,females,6,4,5,15,9.138616420748912,10.36948888317532,11,1.1971207676530846,1139.3059032361407
subtype,follicular,males,6,4,5,15,4.8021255921186,-0.5927161754867194,11,1.29238559456258,1089.1840632807562
subtype,follicular,females,6,4,5,15,9.914509625418098,-6.2453693246689,10,1.8789009298404176,1132.5451127058734
subtype,mantle_cell,males,6,4,5,15,10.89965374512206,45.38135628358867,10,0.8256977355971257,715.8435581864006
subtype,mantle_cell,females,6,4,5,15,46.64141715287319,90.37529436568325,11,0.8491284190339272,591.5992488433334
agg,nhl,males,7,4,5,16,2.720310220485356,3.1588079807998835,11,2.0267232763877616,2548.395649529724
agg,nhl,females,7,4,5,16,1.9669943085254091,1.3261489362808176,11,1.178185273047697,2211.6683193877107
agg,hodgkin,males,7,4,5,16,4.557407365535723,0.31913350218116154,12,2.3025546007562188,2110.0711733406492
agg,hodgkin,females,7,4,5,16,6.486936554248889,-3.276544642741096,11,3.1768326324627933,2287.1680521410294
subtype,dlbcl,males,7,4,5,16,2.3668908269428433,3.4538704752987455,11,1.5047595912335714,1249.0110996593614
subtype,dlbcl,females,7,4,5,16,9.138616420748912,10.36948888317532,11,1.1958441431608793,1139.1016433173875
subtype,follicular,males,7,4,5,16,4.8021255921186,-0.5927161754867194,11,1.29238559456258,1089.1840632807562
subtype,follicular,females,7,4,5,16,9.914509625418098,-6.2453693246689,11,1.406764785386363,1057.124428663385
subtype,mantle_cell,males,7,4,5,16,10.89965374512206,45.38135628358867,11,0.8078811093797242,714.1672002560192
subtype,mantle_cell,females,7,4,5,16,46.64141715287319,90.37529436568325,11,0.8491284190339272,591.5992488433334
agg,nhl,males,4,5,5,14,2.2278154251309483,3.6778619193691213,11,2.1662145422226042,2587.034730165976
agg,nhl,females,4,5,5,14,2.0580368797722524,0.6690450719747172,11,1.8833759897057119,2407.0061479019814
agg,hodgkin,males,4,5,5,14,4.627481111438077,-0.11761277348268646,11,2.908578052281366,2278.2422240138717
agg,hodgkin,females,4,5,5,14,6.1001596598173595,-5.420138783845481,11,3.2234156096392246,2300.071536818901
subtype,dlbcl,males,4,5,5,14,2.257042719972923,2.8173280876672493,11,2.016583016765509,1330.9028477444706
subtype,dlbcl,females,4,5,5,14,4.992801993954362,3.988009768728315,10,1.9740653038675953,1263.5910943343297
subtype,follicular,males,4,5,5,14,4.939032632956725,-3.049706823014505,11,1.5220770629042535,1125.9346982154232
subtype,follicular,females,4,5,5,14,12.651907272225873,-9.456727866900243,11,1.871743386980923,1131.5210049185148
subtype,mantle_cell,males,4,5,5,14,10.833394471543405,44.64311771785069,10,0.8912772888346611,726.4018662576442
subtype,mantle_cell,females,4,5,5,14,20.054817629333158,49.81611332458048,11,0.8778552374606807,596.1955397916142
agg,nhl,males,5,5,5,15,2.2278154251309483,3.6778619193691213,11,2.075265220889627,2561.8417681567403
agg,nhl,females,5,5,5,15,2.0647309541461816,0.7084566020018382,12,1.1246178552455575,2197.705526801275
agg,hodgkin,males,5,5,5,15,4.6780025133395915,0.6673678947651064,12,2.3269406600665805,2116.8017257103097
agg,hodgkin,females,5,5,5,15,6.04999730623314,-5.856504444029953,11,3.895275378742897,2486.176692860618
subtype,dlbcl,males,5,5,5,15,2.4742710860444532,3.8110495312588277,11,2.016583016765509,1330.9028477444706
subtype,dlbcl,females,5,5,5,15,7.488365769372613,9.135535059265179,12,1.1983391017584715,1140.302497591244
subtype,follicular,males,5,5,5,15,4.507895154917932,-1.3196462436226475,11,1.5220770629042535,1125.9346982154232
subtype,follicular,females,5,5,5,15,12.297254418956955,-8.745889799072168,11,1.871743386980923,1131.5210049185148
subtype,mantle_cell,males,5,5,5,15,10.792677406299045,45.226652696990946,11,0.8039137394626229,713.5324210692829
subtype,mantle_cell,females,5,5,5,15,50.801070638436684,91.76073499481765,11,0.8778552374606807,596.1955397916142
agg,nhl,males,6,5,5,16,2.208538421967953,3.695765890363672,11,2.075265220889627,2561.8417681567403
agg,nhl,females,6,5,5,16,2.1162721141718785,1.1368989997924357,12,1.1381026167085282,2201.4273209650555
agg,hodgkin,males,6,5,5,16,4.68555379439063,0.7015188232884656,12,2.513231691179795,2168.2180502975557
agg,hodgkin,females,6,5,5,16,6.432468546175857,-3.433527371374097,12,2.9251736387314176,2216.533337238706
subtype,dlbcl,males,6,5,5,16,2.4742710860444532,3.8110495312588277,11,2.021573306879059,1331.701294162639
subtype,dlbcl,females,6,5,5,16,7.763260371941255,9.633439848480723,12,1.1983391017584715,1140.302497591244
subtype,follicular,males,6,5,5,16,4.507895154917932,-1.3196462436226475,12,1.2916239382711432,1089.770574335854
subtype,follicular,females,6,5,5,16,11.645829867267514,-7.563433307568782,11,1.871743386980923,1131.5210049185148
subtype,mantle_cell,males,6,5,5,16,10.792677406299045,45.226652696990946,11,0.8039137394626229,713.5324210692829
subtype,mantle_cell,females,6,5,5,16,50.801070638436684,91.76073499481765,12,0.8489019047062791,592.7141046462032
agg,nhl,males,7,5,5,17,2.208538421967953,3.695765890363672,12,2.0152373192801454,2545.198802091634
agg,nhl,females,7,5,5,17,2.119952154356889,1.088998934368608,12,1.1381026167085282,2201.4273209650555
agg,hodgkin,males,7,5,5,17,4.687491819675324,0.7229754666041166,13,2.3091743398301654,2111.5890469852275
agg,hodgkin,females,7,5,5,17,6.432468546175857,-3.433527371374097,12,3.184481868927697,2288.1024087728806
subtype,dlbcl,males,7,5,5,17,2.449907828303486,3.7895535170647205,12,1.5114386640353874,1250.5683126436159
subtype,dlbcl,females,7,5,5,17,7.763260371941255,9.633439848480723,12,1.1970304471053563,1140.0944215013985
subtype,follicular,males,7,5,5,17,4.507895154917932,-1.3196462436226475,12,1.2916239382711432,1089.770574335854
subtype,follicular,females,7,5,5,17,11.645829867267514,-7.563433307568782,12,1.397862780752196,1056.3022451411668
subtype,mantle_cell,males,7,5,5,17,10.792677406299045,45.226652696990946,12,0.7852428991760606,711.7598437242566
subtype,mantle_cell,females,7,5,5,17,50.801070638436684,91.76073499481765,12,0.8489019047062791,592.7141046462032
agg,nhl,males,4,6,5,15,1.8590840917450546,4.1464881689098325,12,2.1723900759468147,2588.572962931632
agg,nhl,females,4,6,5,15,2.04743945021589,0.6973646230903708,12,1.8843223570148333,2407.383969289591
agg,hodgkin,males,4,6,5,15,4.60438499967038,-0.2928052635022476,12,2.9156829500529975,2279.29459774656
agg,hodgkin,females,4,6,5,15,6.6526681441257365,-4.4322845902773595,12,3.231408004880446,2301.0540222958407
subtype,dlbcl,males,4,6,5,15,2.2835123079564728,2.9253191592896317,12,2.01767095997363,1331.0592476977954
subtype,dlbcl,females,4,6,5,15,5.048100505964772,4.049406377927454,11,1.980883252047203,1264.7079007391992
subtype,follicular,males,4,6,5,15,5.146582005979558,-3.992525250443879,12,1.511654436775706,1124.7554235980792
subtype,follicular,females,4,6,5,15,12.893852437543474,-9.640167461469105,12,1.8816156222978926,1133.2189469469326
subtype,mantle_cell,males,4,6,5,15,10.499854002825339,44.10716210638535,11,0.8878200257493946,726.957426875166
subtype,mantle_cell,females,4,6,5,15,20.39984049693503,49.99345784504358,12,0.8796299346506048,597.5998614073509
agg,nhl,males,5,6,5,16,1.8590840917450546,4.1464881689098325,12,2.081096884701715,2563.376042147988
agg,nhl,females,5,6,5,16,2.0537175455844903,0.7375623983760018,13,1.122277448391373,2197.9372970611257
agg,hodgkin,males,5,6,5,16,4.618734681898088,0.4880740925849996,13,2.3318710645562364,2117.830646284896
agg,hodgkin,females,5,6,5,16,6.644949917267598,-4.871393725842438,12,3.90564510813722,2487.14346279471
subtype,dlbcl,males,5,6,5,16,2.501041626528037,3.9199511585811155,12,2.01767095997363,1331.0592476977954
subtype,dlbcl,females,5,6,5,16,7.582311543929829,9.198659107437235,13,1.2000906957853785,1141.3809103457368
subtype,follicular,males,5,6,5,16,4.601013553712458,-2.2849147186939467,12,1.511654436775706,1124.7554235980792
subtype,follicular,females,5,6,5,16,12.541003476376911,-8.9315232859466,12,1.8816156222978926,1133.2189469469326
subtype,mantle_cell,males,5,6,5,16,10.468940592731462,44.68857073192596,12,0.799556274660124,714.0356704262229
subtype,mantle_cell,females,5,6,5,16,51.59945776098661,91.98912430634269,12,0.8796299346506048,597.5998614073509
agg,nhl,males,6,6,5,17,1.84058579752287,4.164962566988809,12,2.081096884701715,2563.376042147988
agg,nhl,females,6,6,5,17,2.100031547361959,1.176054035190084,13,1.1359077684452255,2201.6856350759363
agg,hodgkin,males,6,6,5,17,4.626092947119818,0.5217521407832951,13,2.518869219669415,2169.2551389410214
agg,hodgkin,females,6,6,5,17,7.024031746439058,-2.4419050498924655,13,2.9320803764669763,2217.507516477254
subtype,dlbcl,males,6,6,5,17,2.501041626528037,3.9199511585811155,12,2.022740394677682,1331.8652878157413
subtype,dlbcl,females,6,6,5,17,7.857487170608793,9.697040753614965,13,1.2000906957853785,1141.3809103457368
subtype,follicular,males,6,6,5,17,4.601013553712458,-2.2849147186939467,13,1.2797554079101439,1088.6037226005458
subtype,follicular,females,6,6,5,17,11.892327428107494,-7.752468772427525,12,1.8816156222978926,1133.2189469469326
subtype,mantle_cell,males,6,6,5,17,10.468940592731462,44.68857073192596,12,0.799556274660124,714.0356704262229
subtype,mantle_cell,females,6,6,5,17,51.59945776098661,91.98912430634269,13,0.8505776016676497,594.1299628613939
agg,nhl,males,7,6,5,18,1.84058579752287,4.164962566988809,13,2.0208098900423392,2546.7160217319574
agg,nhl,females,7,6,5,18,2.103550772533596,1.1275947446142796,13,1.1359077684452255,2201.6856350759363
agg,hodgkin,males,7,6,5,18,4.628070877397686,0.5432778583207726,14,2.314054070188007,2112.616918763447
agg,hodgkin,females,7,6,5,18,7.024031746439058,-2.4419050498924655,13,3.192328896518736,2289.075859491488
subtype,dlbcl,males,7,6,5,18,2.4766624594807807,3.898578774724157,13,1.5085843937055017,1250.6058992674589
subtype,dlbcl,females,7,6,5,18,7.857487170608793,9.697040753614965,13,1.1987654451121972,1141.171520739374
subtype,follicular,males,7,6,5,18,4.601013553712458,-2.2849147186939467,13,1.2797554079101439,1088.6037226005458
subtype,follicular,females,7,6,5,18,11.892327428107494,-7.752468772427525,13,1.4047736912345679,1057.9963062166285
subtype,mantle_cell,males,7,6,5,18,10.468940592731462,44.68857073192596,13,0.7807353090790538,712.2624015897538
subtype,mantle_cell,females,7,6,5,18,51.59945776098661,91.98912430634269,13,0.8505776016676497,594.1299628613939
agg,nhl,males,4,7,5,16,1.8716261048554859,4.129035592042112,13,2.1787846928117767,2590.1590924935504
agg,nhl,females,4,7,5,16,2.0588571723940876,0.687760098700214,13,1.8851579207319313,2407.7294269547792
agg,hodgkin,males,4,7,5,16,4.679058993862953,0.1280297469353933,13,2.9241087115924236,2280.6959992198517
agg,hodgkin,females,4,7,5,16,7.3663831924207575,-3.519608195948624,13,3.2357622025968302,2301.0200186629622
subtype,dlbcl,males,4,7,5,16,2.2897336036031004,2.9517082424069883,13,2.0282698491443805,1332.7162012268004
subtype,dlbcl,females,4,7,5,16,5.664566461343985,4.586582749050604,12,1.986119534018938,1265.559586320657
subtype,follicular,males,4,7,5,16,4.990836902890257,-3.560275901044771,13,1.5164185880296361,1125.9965050594253
subtype,follicular,females,4,7,5,16,13.270298268064096,-9.898260615284642,13,1.89622421167698,1135.6454884465302
subtype,mantle_cell,males,4,7,5,16,10.160914706600458,43.4660583969254,12,0.8805105801738717,726.9074050029091
subtype,mantle_cell,females,4,7,5,16,20.076137285656568,49.750895020323696,13,0.8775845295822688,598.3970574719032
agg,nhl,males,5,7,5,17,1.8716261048554859,4.129035592042112,13,2.0872280370907643,2564.9810121702717
agg,nhl,females,5,7,5,17,2.0649847578068865,0.7282382597781474,14,1.1198780893765088,2198.1575952426624
agg,hodgkin,males,5,7,5,17,4.753167951681606,0.915438601021454,14,2.3382083744388553,2119.2351981281795
agg,hodgkin,females,5,7,5,17,7.359225248389327,-3.9605727383030787,13,3.9124914894024014,2487.120572534496
subtype,dlbcl,males,5,7,5,17,2.507242923363921,3.946199818261969,13,2.0282698491443805,1332.7162012268004
subtype,dlbcl,females,5,7,5,17,8.299298526288322,9.759030648423247,14,1.2001525318935597,1142.1905279189355
subtype,follicular,males,5,7,5,17,4.556116751244898,-1.8437371776243372,13,1.5164185880296361,1125.9965050594253
subtype,follicular,females,5,7,5,17,12.91935662832277,-9.191625948495945,13,1.89622421167698,1135.6454884465302
subtype,mantle_cell,males,5,7,5,17,10.130130403111487,44.04297945932917,13,0.7914908038255838,713.9617697597054
subtype,mantle_cell,females,5,7,5,17,50.88388835681281,91.71146701144383,13,0.8775845295822688,598.3970574719032
agg,nhl,males,6,7,5,18,1.853145040565015,4.147440806598516,13,2.0872280370907643,2564.9810121702717
agg,nhl,females,6,7,5,18,2.1124424671821855,1.165647546216365,14,1.1336224757642825,2201.923557112914
agg,hodgkin,males,6,7,5,18,4.760494452702644,0.9490447683357313,14,2.5259136751894284,2170.666450533839
agg,hodgkin,females,6,7,5,18,7.743895948794685,-1.5083442882618874,14,2.9353057164521803,2217.4591792567335
subtype,dlbcl,males,6,7,5,18,2.507242923363921,3.946199818261969,13,2.0333602327843083,1333.520481841909
subtype,dlbcl,females,6,7,5,18,8.60700889740911,10.259092077938508,14,1.2001525318935597,1142.1905279189355
subtype,follicular,males,6,7,5,18,4.556116751244898,-1.8437371776243372,14,1.283167294094436,1089.8596333235691
subtype,follicular,females,6,7,5,18,12.27389522899634,-8.016289324337226,13,1.89622421167698,1135.6454884465302
subtype,mantle_cell,males,6,7,5,18,10.130130403111487,44.04297945932917,13,0.7914908038255838,713.9617697597054
subtype,mantle_cell,females,6,7,5,18,50.88388835681281,91.71146701144383,14,0.848304708791696,594.9225410782009
agg,nhl,males,7,7,5,19,1.853145040565015,4.147440806598516,14,2.026879337466404,2548.3582404361086
agg,nhl,females,7,7,5,19,2.1161283935877937,1.1169359191509667,14,1.1336224757642825,2201.923557112914
agg,hodgkin,males,7,7,5,19,4.762534858604561,0.9708481733159977,15,2.3203317595971082,2114.0166739019437
agg,hodgkin,females,7,7,5,19,7.743895948794685,-1.5083442882618874,14,3.1965994019533106,2289.0536490840436
subtype,dlbcl,males,7,7,5,19,2.48285192684405,3.9248001371225305,14,1.5161869554461316,1252.2909170670318
subtype,dlbcl,females,7,7,5,19,8.60700889740911,10.259092077938508,14,1.198810686374483,1141.9798581724403
subtype,follicular,males,7,7,5,19,4.556116751244898,-1.8437371776243372,14,1.283167294094436,1089.8596333235691
subtype,follicular,females,7,7,5,19,12.27389522899634,-8.016289324337226,14,1.4163299427178113,1060.405864008263
subtype,mantle_cell,males,7,7,5,19,10.130130403111487,44.04297945932917,14,0.772503345278629,712.189247964008
subtype,mantle_cell,females,7,7,5,19,50.88388835681281,91.71146701144383,14,0.848304708791696,594.9225410782009
agg,nhl,males,4,4,6,14,2.7922055324785067,3.005120657090449,11,2.193136826154511,2594.4922028151136
agg,nhl,females,4,4,6,14,1.9102816377201817,1.0152371900542931,11,1.921465047912846,2417.5568170253573
agg,hodgkin,males,4,4,6,14,4.61338603895778,-0.8230278265017568,11,2.8597504731430163,2264.7169845925478
agg,hodgkin,females,4,4,6,14,6.035875827657244,-6.164494456392828,11,3.1782108620625262,2287.5498217401578
subtype,dlbcl,males,4,4,6,14,2.4868307890743346,3.8771561418254006,11,1.9959482157181427,1327.6012795768927
subtype,dlbcl,females,4,4,6,14,5.99978396148984,4.160301808101504,10,1.973367458841647,1263.4787412851524
subtype,follicular,males,4,4,6,14,5.120335645383382,-1.365959307917793,11,1.436156931090991,1112.1874771253017
subtype,follicular,females,4,4,6,14,9.249653622259043,-6.054878480015626,11,1.7095947983925164,1105.5772307443697
subtype,mantle_cell,males,4,4,6,14,11.498679750773363,44.87230160905719,10,0.8617631994035494,721.6500978592346
subtype,mantle_cell,females,4,4,6,14,22.415415826945694,61.9207569809602,11,0.8760948600716268,595.9138794093654
agg,nhl,males,5,4,6,15,2.7922055324785067,3.005120657090449,11,2.0976734202632485,2568.048839383232
agg,nhl,females,5,4,6,15,1.914184019024436,1.0202954601248564,12,1.1571548910382374,2206.6857486800527
agg,hodgkin,males,5,4,6,15,4.548543745482352,-0.5612000188617918,12,2.3131561437145636,2112.997199197153
agg,hodgkin,females,5,4,6,15,6.008840425642303,-6.417250846803345,11,3.82302735921892,2466.163991452475
subtype,dlbcl,males,5,4,6,15,2.591944918965872,4.423914281467421,11,1.9959482157181427,1327.6012795768927
subtype,dlbcl,females,5,4,6,15,8.482868076398136,9.359688745132186,12,1.2004065478806976,1140.6312215246771
subtype,follicular,males,5,4,6,15,4.664351538209123,-1.1427907977788863,11,1.436156931090991,1112.1874771253017
subtype,follicular,females,5,4,6,15,9.406490379554603,-6.041286140472475,11,1.7095947983925164,1105.5772307443697
subtype,mantle_cell,males,5,4,6,15,11.319511282297102,44.49413778897972,11,0.8139039076889425,715.1308479854938
subtype,mantle_cell,females,5,4,6,15,27.075472971314895,72.19598412023466,11,0.8760948600716268,595.9138794093654
agg,nhl,males,6,4,6,16,2.7557542765731142,3.104384507797243,11,2.0976734202632485,2568.048839383232
agg,nhl,females,6,4,6,16,1.9633824259141885,1.3588361232283226,12,1.1698652744691136,2210.193814506975
agg,hodgkin,males,6,4,6,16,4.550339908014885,-0.4246943578956799,12,2.4866939709836253,2160.8936395234155
agg,hodgkin,females,6,4,6,16,6.480550861691863,-3.668308145969929,12,2.9135170206436425,2213.3161106464827
subtype,dlbcl,males,6,4,6,16,2.591944918965872,4.423914281467421,11,1.9992349049242475,1328.1271498498681
subtype,dlbcl,females,6,4,6,16,9.116381151320429,10.407238982125357,12,1.2004065478806976,1140.6312215246771
subtype,follicular,males,6,4,6,16,4.664351538209123,-1.1427907977788863,12,1.2734750488449025,1086.8849009170824
subtype,follicular,females,6,4,6,16,8.327788775036387,-4.087982028463652,11,1.7095947983925164,1105.5772307443697
subtype,mantle_cell,males,6,4,6,16,11.319511282297102,44.49413778897972,11,0.8139039076889425,715.1308479854938
subtype,mantle_cell,females,6,4,6,16,27.075472971314895,72.19598412023466,12,0.8535694361500898,593.4562421457691
agg,nhl,males,7,4,6,17,2.7557542765731142,3.104384507797243,12,2.0264183021432927,2548.2847533618615
agg,nhl,females,7,4,6,17,1.9640082320233114,1.3169080338450885,12,1.1698652744691136,2210.193814506975
agg,hodgkin,males,7,4,6,17,4.549503892210494,-0.4350474101744965,13,2.296970151808865,2108.2328952793705
agg,hodgkin,females,7,4,6,17,6.480550861691863,-3.668308145969929,12,3.171163899312933,2284.426649159205
subtype,dlbcl,males,7,4,6,17,2.3804329138779794,3.8602671194421823,12,1.5014187797932217,1248.9751510491114
subtype,dlbcl,females,7,4,6,17,9.116381151320429,10.407238982125357,12,1.1953875254150232,1139.833196952636
subtype,follicular,males,7,4,6,17,4.664351538209123,-1.1427907977788863,12,1.2734750488449025,1086.8849009170824
subtype,follicular,females,7,4,6,17,8.327788775036387,-4.087982028463652,12,1.3735341429393233,1052.4339917289196
subtype,mantle_cell,males,7,4,6,17,11.319511282297102,44.49413778897972,12,0.7993217011660378,713.9983732406633
subtype,mantle_cell,females,7,4,6,17,27.075472971314895,72.19598412023466,12,0.8535694361500898,593.4562421457691
agg,nhl,males,4,5,6,15,2.2774536520980107,3.5437347416949567,12,2.182669427222132,2591.4100638836235
agg,nhl,females,4,5,6,15,2.0669200136188195,0.7808564095768683,12,1.886067827491407,2407.8657191411276
agg,hodgkin,males,4,5,6,15,4.6661455737945765,-0.40077682092169303,12,2.8681383376396696,2266.172284720481
agg,hodgkin,females,4,5,6,15,6.00155213449841,-6.259963542067477,12,3.1860022561248043,2288.522035639284
subtype,dlbcl,males,4,5,6,15,2.5701346276968495,4.212875011198901,12,2.0056688155276676,1329.150906730888
subtype,dlbcl,females,4,5,6,15,4.947065673581711,3.444644236764259,11,1.979552441016489,1264.4949709742853
subtype,follicular,males,4,5,6,15,4.8108299152638745,-2.1035564604489907,12,1.4403387266486056,1113.4162256878715
subtype,follicular,females,4,5,6,15,11.004343665855648,-7.379691976143212,12,1.707534203994586,1105.5400014367065
subtype,mantle_cell,males,4,5,6,15,11.380560896617395,44.70213038935703,11,0.8296038398816424,717.6428371363261
subtype,mantle_cell,females,4,5,6,15,22.979009827642965,64.13243842948022,12,0.8764148290183327,597.08865961182
agg,nhl,males,5,5,6,16,2.2774536520980107,3.5437347416949567,12,2.086355362420617,2564.827381998404
agg,nhl,females,5,5,6,16,2.0739121950893544,0.785621892988629,13,1.1169827319795058,2196.481250047863
agg,hodgkin,males,5,5,6,16,4.600631501854014,-0.14260571989146167,13,2.3197411481730503,2114.494919279524
agg,hodgkin,females,5,5,6,16,5.974941079599212,-6.511836212974263,12,3.8331196572456756,2467.126438348643
subtype,dlbcl,males,5,5,6,16,2.7182065016185226,4.7603492692837746,12,2.0056688155276676,1329.150906730888
subtype,dlbcl,females,5,5,6,16,7.196379053771823,8.630371411602164,13,1.2019852545504108,1141.6802506306124
subtype,follicular,males,5,5,6,16,4.428449231648124,-1.8768110495889907,12,1.4403387266486056,1113.4162256878715
subtype,follicular,females,5,5,6,16,11.156341840134775,-7.366792065547316,12,1.707534203994586,1105.5400014367065
subtype,mantle_cell,males,5,5,6,16,11.203351121563191,44.32691505798125,12,0.7830615999168046,711.4130171420358
subtype,mantle_cell,females,5,5,6,16,30.082984368959014,73.4318994295921,12,0.8764148290183327,597.08865961182
agg,nhl,males,6,5,6,17,2.240426103287225,3.6435556466896113,12,2.086355362420617,2564.827381998404
agg,nhl,females,6,5,6,17,2.114809950265185,1.1165448075422306,13,1.1302857657355947,2200.139584330786
agg,hodgkin,males,6,5,6,17,4.60247206822878,-0.005884820664080411,13,2.4938336285389853,2162.3703513801534
agg,hodgkin,females,6,5,6,17,6.449634474906555,-3.756020445810552,13,2.920123476432779,2214.219368967848
subtype,dlbcl,males,6,5,6,17,2.7182065016185226,4.7603492692837746,12,2.009074743456475,1329.6924492715689
subtype,dlbcl,females,6,5,6,17,7.761642170965924,9.674336612392711,13,1.2019852545504108,1141.6802506306124
subtype,follicular,males,6,5,6,17,4.428449231648124,-1.8768110495889907,13,1.2751710093956505,1087.8793876352559
subtype,follicular,females,6,5,6,17,10.083043898032198,-5.421360170363698,12,1.707534203994586,1105.5400014367065
subtype,mantle_cell,males,6,5,6,17,11.203351121563191,44.32691505798125,12,0.7830615999168046,711.4130171420358
subtype,mantle_cell,females,6,5,6,17,30.082984368959014,73.4318994295921,13,0.8538704716929741,594.6502363253948
agg,nhl,males,7,5,6,18,2.240426103287225,3.6435556466896113,13,2.013983530278799,2544.8387727969816
agg,nhl,females,7,5,6,18,2.1207999393815262,1.0749730723479691,13,1.1302857657355947,2200.139584330786
agg,hodgkin,males,7,5,6,18,4.6016191137634825,-0.016370559105206683,14,2.3035063984474355,2109.7268567065316
agg,hodgkin,females,7,5,6,18,6.449634474906555,-3.756020445810552,13,3.1785490810070773,2285.2864102257804
subtype,dlbcl,males,7,5,6,18,2.4640415437938605,4.199185618479955,13,1.5075898366760683,1250.4487592568069
subtype,dlbcl,females,7,5,6,18,7.761642170965924,9.674336612392711,13,1.1969910057160589,1140.8911593147845
subtype,follicular,males,7,5,6,18,4.428449231648124,-1.8768110495889907,13,1.2751710093956505,1087.8793876352559
subtype,follicular,females,7,5,6,18,10.083043898032198,-5.421360170363698,13,1.3672785659264284,1052.072076417942
subtype,mantle_cell,males,7,5,6,18,11.203351121563191,44.32691505798125,13,0.7686359753983891,710.3507068682086
subtype,mantle_cell,females,7,5,6,18,30.082984368959014,73.4318994295921,13,0.8538704716929741,594.6502363253948
agg,nhl,males,4,6,6,16,1.8968845017543141,4.013373053364171,13,2.1889197402121745,2592.946230528659
agg,nhl,females,4,6,6,16,2.0544609855549614,0.8135047513919094,13,1.887085307582702,2408.2594583387427
agg,hodgkin,males,4,6,6,16,4.642657115318491,-0.5776378840909808,13,2.875039749630964,2267.2020346804475
agg,hodgkin,females,4,6,6,16,6.549486487355787,-5.267084142841202,13,3.193951984063802,2289.522208566381
subtype,dlbcl,males,4,6,6,16,2.6065412854117573,4.320615494176296,13,2.0050109771939915,1329.04129945864
subtype,dlbcl,females,4,6,6,16,5.002696969551324,3.5066076135073003,12,1.9858447710703448,1265.5158990118323
subtype,follicular,males,4,6,6,16,4.899180252024456,-3.053702115112318,13,1.4284911942863336,1112.1039768479836
subtype,follicular,females,4,6,6,16,11.256197065544633,-7.571395088865529,13,1.717435563042845,1107.396881962337
subtype,mantle_cell,males,4,6,6,16,11.000345949829784,44.14602752261347,12,0.8250944212401715,718.0962357324506
subtype,mantle_cell,females,4,6,6,16,23.340269548620313,64.3393078456087,13,0.8775621096011702,598.3935151148903
agg,nhl,males,5,6,6,17,1.8968845017543141,4.013373053364171,13,2.0922567090371373,2566.363896955527
agg,nhl,females,5,6,6,17,2.06162411963722,0.8179779505214556,14,1.1145618810069344,2196.700954149401
agg,hodgkin,males,5,6,6,17,4.57739837846607,-0.3191863525169099,14,2.324628462374071,2115.514302222429
agg,hodgkin,females,5,6,6,17,6.545596952447543,-5.508566302180149,13,3.8433197440662488,2468.098342567054
subtype,dlbcl,males,5,6,6,17,2.7950145236241988,4.869102312993724,13,2.0050109771939915,1329.04129945864
subtype,dlbcl,females,5,6,6,17,7.290077121195618,8.692660377828943,14,1.2035896319694501,1142.730152630851
subtype,follicular,males,5,6,6,17,4.5242735684958815,-2.83720917906551,13,1.4284911942863336,1112.1039768479836
subtype,follicular,females,5,6,6,17,11.408079113545854,-7.558992734430528,13,1.717435563042845,1107.396881962337
subtype,mantle_cell,males,5,6,6,17,10.82413733353028,43.77231205786457,13,0.7782303022563077,711.86661051176
subtype,mantle_cell,females,5,6,6,17,30.802723947382365,73.63881366549285,13,0.8775621096011702,598.3935151148903
agg,nhl,males,6,6,6,18,1.8611690144257065,4.115184271174891,13,2.0922567090371373,2566.363896955527
agg,nhl,females,6,6,6,18,2.099818084536291,1.1539929755151863,14,1.1280260000462983,2200.3901227661863
agg,hodgkin,males,6,6,6,18,4.57931687643297,-0.18196287820830676,14,2.4993898436093613,2163.3989206808988
agg,hodgkin,females,6,6,6,18,7.09764102302667,-2.7539693026198604,14,2.9271037240397533,2215.2118333357266
subtype,dlbcl,males,6,6,6,18,2.7950145236241988,4.869102312993724,13,2.008443606650413,1329.583654912754
subtype,dlbcl,females,6,6,6,18,7.855011003373873,9.73603335151012,14,1.2035896319694501,1142.730152630851
subtype,follicular,males,6,6,6,18,4.5242735684958815,-2.83720917906551,14,1.2625410049247838,1086.621305923934
subtype,follicular,females,6,6,6,18,10.336693383131125,-5.614522363646112,13,1.717435563042845,1107.396881962337
subtype,mantle_cell,males,6,6,6,18,10.82413733353028,43.77231205786457,13,0.7782303022563077,711.86661051176
subtype,mantle_cell,females,6,6,6,18,30.802723947382365,73.63881366549285,14,0.8551361894142587,595.9950835359436
agg,nhl,males,7,6,6,19,1.8611690144257065,4.115184271174891,14,2.0196042184311063,2546.3648578204356
agg,nhl,females,7,6,6,19,2.1053525265673665,1.1131396714222757,14,1.1280260000462983,2200.3901227661863
agg,hodgkin,males,7,6,6,19,4.5784515047145975,-0.19258649878589781,15,2.3083514510761383,2110.74604967572
agg,hodgkin,females,7,6,6,19,7.09764102302667,-2.7539693026198604,14,3.186306123174805,2286.233290698731
subtype,dlbcl,males,7,6,6,19,2.4907320963982293,4.308500161111674,14,1.5042374564927736,1250.414845731355
subtype,dlbcl,females,7,6,6,19,7.855011003373873,9.73603335151012,14,1.1984892197577055,1141.9293879136055
subtype,follicular,males,7,6,6,19,4.5242735684958815,-2.83720917906551,14,1.2625410049247838,1086.621305923934
subtype,follicular,females,7,6,6,19,10.336693383131125,-5.614522363646112,14,1.3747165914740218,1053.872567862989
subtype,mantle_cell,males,7,6,6,19,10.82413733353028,43.77231205786457,14,0.7637116426310553,710.8089506483386
subtype,mantle_cell,females,7,6,6,19,30.802723947382365,73.63881366549285,14,0.8551361894142587,595.9950835359436
agg,nhl,males,4,7,6,17,1.9092219694641297,3.9964323947320897,14,2.195380992300956,2594.5276938607753
agg,nhl,females,4,7,6,17,2.064551843894615,0.8069493693402017,14,1.8879334266908152,2408.604757666782
agg,hodgkin,males,4,7,6,17,4.691996523285362,-0.156810234055239,14,2.8833189755176933,2268.5955028237827
agg,hodgkin,females,4,7,6,17,7.265799443447345,-4.35506547928887,14,3.1983189548736504,2289.5248065842193
subtype,dlbcl,males,4,7,6,17,2.621447136610965,4.34583115887616,14,2.0159899851319536,1330.759992727706
subtype,dlbcl,females,4,7,6,17,5.617946822469354,4.0415985056788974,13,1.990900025366523,1266.328784419559
subtype,follicular,males,4,7,6,17,4.855987569802992,-2.6159011520797524,14,1.4330797919095724,1113.395895480546
subtype,follicular,females,4,7,6,17,11.642618841898088,-7.836924416034965,14,1.7303525364022962,1109.7074112167272
subtype,mantle_cell,males,4,7,6,17,10.535540131006696,43.47261899654455,13,0.8172718682242819,718.0351779346998
subtype,mantle_cell,females,4,7,6,17,23.023204881118936,64.0990989491138,14,0.875110211612942,599.1310050211367
agg,nhl,males,5,7,6,18,1.9092219694641297,3.9964323947320897,14,2.098350730209378,2567.941402047682
agg,nhl,females,5,7,6,18,2.0716153592909823,0.8115358516175709,15,1.1121587524051222,2196.9303381600985
agg,hodgkin,males,5,7,6,18,4.6479962581625465,0.10628304293610225,15,2.3309510324756255,2116.915735397779
agg,hodgkin,females,5,7,6,18,7.261963151421696,-4.597717449758624,14,3.850032426179134,2468.094297721918
subtype,dlbcl,males,5,7,6,18,2.815156341195283,4.8944081011109075,14,2.0159899851319536,1330.759992727706
subtype,dlbcl,females,5,7,6,18,7.973984367579876,9.250711441184357,15,1.2035862304000564,1143.5260323540565
subtype,follicular,males,5,7,6,18,4.47950378654465,-2.3985448760296126,14,1.4330797919095724,1113.395895480546
subtype,follicular,females,5,7,6,18,11.793870483351542,-7.824780132138224,14,1.7303525364022962,1109.7074112167272
subtype,mantle_cell,males,5,7,6,18,10.39624214835323,43.10353744976646,14,0.7700390599338207,711.8023551648738
subtype,mantle_cell,females,5,7,6,18,30.195192276440995,73.41978511666127,14,0.875110211612942,599.1310050211367
agg,nhl,males,6,7,6,19,1.8734649768666927,4.098325599458559,14,2.098350730209378,2567.941402047682
agg,nhl,females,6,7,6,19,2.1119952339440884,1.14422120901175,15,1.1257549225553596,2200.642092611113
agg,hodgkin,males,6,7,6,19,4.677405470306193,0.2436698210675096,15,2.50637711180741,2164.8070550553566
agg,hodgkin,females,6,7,6,19,7.82399662203273,-1.8141505113137009,15,2.93040808408347,2215.1868199036217
subtype,dlbcl,males,6,7,6,19,2.815156341195283,4.8944081011109075,14,2.019428271392953,1331.2998036706829
subtype,dlbcl,females,6,7,6,19,8.584589360970025,10.297577012583229,15,1.2035862304000564,1143.5260323540565
subtype,follicular,males,6,7,6,19,4.47950378654465,-2.3985448760296126,15,1.266049190948509,1087.9060419387104
subtype,follicular,females,6,7,6,19,10.724527777174522,-5.881396794285176,14,1.7303525364022962,1109.7074112167272
subtype,mantle_cell,males,6,7,6,19,10.39624214835323,43.10353744976646,14,0.7700390599338207,711.8023551648738
subtype,mantle_cell,females,6,7,6,19,30.195192276440995,73.41978511666127,15,0.8526000674978801,596.7443123275746
agg,nhl,males,7,7,6,20,1.8734649768666927,4.098325599458559,15,2.0255013674011564,2547.95517527083
agg,nhl,females,7,7,6,20,2.1176094289659844,1.1032469191876453,15,1.1257549225553596,2200.642092611113
agg,hodgkin,males,7,7,6,20,4.67439486846331,0.23298382629071582,16,2.3146225866075,2112.143447089173
agg,hodgkin,females,7,7,6,20,7.82399662203273,-1.8141505113137009,15,3.190533314259038,2286.2010077415534
subtype,dlbcl,males,7,7,6,20,2.4968758481690116,4.33462880852013,15,1.5120122645352752,1252.1234783294926
subtype,dlbcl,females,7,7,6,20,8.584589360970025,10.297577012583229,15,1.1984144638282297,1142.7192367688508
subtype,follicular,males,7,7,6,20,4.47950378654465,-2.3985448760296126,15,1.266049190948509,1087.9060419387104
subtype,follicular,females,7,7,6,20,10.724527777174522,-5.881396794285176,15,1.385807084438566,1056.2279681739826
subtype,mantle_cell,males,7,7,6,20,10.39624214835323,43.10353744976646,15,0.7553866603448591,710.7465417690607
subtype,mantle_cell,females,7,7,6,20,30.195192276440995,73.41978511666127,15,0.8526000674978801,596.7443123275746
agg,nhl,males,4,4,7,15,2.705495670971131,3.2032176607735434,12,2.180152960544885,2590.7155190807025
agg,nhl,females,4,4,7,15,1.9427966761020814,0.9049067128475299,12,1.9259692876639685,2418.8785221487547
agg,hodgkin,males,4,4,7,15,4.6254780522998376,-1.0314236452068302,12,2.7793294713152767,2241.6610376149497
agg,hodgkin,females,4,4,7,15,5.975546604217785,-6.519437261054084,12,3.14506116973582,2277.222295795924
subtype,dlbcl,males,4,4,7,15,2.430591632698393,3.0471036952651755,12,1.9841000535661946,1325.7214735790146
subtype,dlbcl,females,4,4,7,15,6.306649542968638,4.819068794695215,11,1.985358384751074,1265.4239219718181
subtype,follicular,males,4,4,7,15,6.902942814174757,3.919654606500922,12,1.3511476794412312,1099.2348491818984
subtype,follicular,females,4,4,7,15,5.059244618801624,1.2901576155218208,12,1.5699720582520293,1083.6676202636397
subtype,mantle_cell,males,4,4,7,15,8.748471856567756,32.98904723550288,11,0.8383485568397795,719.0419918496278
subtype,mantle_cell,females,4,4,7,15,17.85719199818878,39.495215725587684,12,0.8747926440753687,596.8307322058888
agg,nhl,males,5,4,7,16,2.705495670971131,3.2032176607735434,12,2.0949436498701317,2567.1977493344716
agg,nhl,females,5,4,7,16,1.9504684803418593,0.9135037777081148,13,1.1532257919635207,2206.448091543467
agg,hodgkin,males,5,4,7,16,4.598597922569739,-1.0253359970345683,13,2.277193038722982,2102.7941891807527
agg,hodgkin,females,5,4,7,16,5.922371891816362,-6.635153136597041,12,3.7514812578720935,2444.5942401215334
subtype,dlbcl,males,5,4,7,16,2.489466562554799,3.426963592230213,12,1.9841000535661946,1325.7214735790146
subtype,dlbcl,females,5,4,7,16,8.656092644098152,9.48712273609761,13,1.2079640729437175,1142.624903936754
subtype,follicular,males,5,4,7,16,8.296168038872995,5.096600560569213,12,1.3511476794412312,1099.2348491818984
subtype,follicular,females,5,4,7,16,5.1940596142199436,0.6236071062015375,12,1.5699720582520293,1083.6676202636397
subtype,mantle_cell,males,5,4,7,16,8.409138837521066,22.440380420778215,12,0.8055393421921343,714.9869781638126
subtype,mantle_cell,females,5,4,7,16,21.45579009662059,58.17871674183306,12,0.8747926440753687,596.8307322058888
agg,nhl,males,6,4,7,17,2.709978829287369,3.233358584395554,12,2.0949436498701317,2567.1977493344716
agg,nhl,females,6,4,7,17,1.9734693129378644,1.343659522558781,13,1.1627764021512828,2209.0745093451033
agg,hodgkin,males,6,4,7,17,4.592652243610211,-0.788118578769536,13,2.4263799300512003,2143.820584296014
agg,hodgkin,females,6,4,7,17,6.428980605708068,-4.108152544041522,13,2.898431736125072,2208.2541403832297
subtype,dlbcl,males,6,4,7,17,2.489466562554799,3.426963592230213,12,1.9811094789054242,1325.2459722079516
subtype,dlbcl,females,6,4,7,17,8.9242181798394,10.273776284655625,13,1.2079640729437175,1142.624903936754
subtype,follicular,males,6,4,7,17,8.296168038872995,5.096600560569213,13,1.239654693934732,1082.2678097924304
subtype,follicular,females,6,4,7,17,5.357987896930123,0.23382880649279514,12,1.5699720582520293,1083.6676202636397
subtype,mantle_cell,males,6,4,7,17,8.409138837521066,22.440380420778215,12,0.8055393421921343,714.9869781638126
subtype,mantle_cell,females,6,4,7,17,21.45579009662059,58.17871674183306,13,0.8603702872773845,595.677207187732
agg,nhl,males,7,4,7,18,2.709978829287369,3.233358584395554,13,2.033273820837637,2550.143602700664
agg,nhl,females,7,4,7,18,1.9697831980349565,1.2999403171881083,13,1.1627764021512828,2209.0745093451033
agg,hodgkin,males,7,4,7,18,4.5941815469516865,-0.8772043248015053,14,2.265692273424392,2099.3657864502175
agg,hodgkin,females,7,4,7,18,6.428980605708068,-4.108152544041522,13,3.1399579050775297,2274.673836845156
subtype,dlbcl,males,7,4,7,18,2.133678737941259,2.790117250357164,13,1.4886245464381962,1247.4522433992238
subtype,dlbcl,females,7,4,7,18,8.9242181798394,10.273776284655625,13,1.2023658017586927,1141.74037708952
subtype,follicular,males,7,4,7,18,8.296168038872995,5.096600560569213,13,1.239654693934732,1082.2678097924304
subtype,follicular,females,7,4,7,18,5.357987896930123,0.23382880649279514,13,1.3257698946789833,1045.5137063608458
subtype,mantle_cell,males,7,4,7,18,8.409138837521066,22.440380420778215,13,0.7924151599842582,714.1078180327763
subtype,mantle_cell,females,7,4,7,18,21.45579009662059,58.17871674183306,13,0.8603702872773845,595.677207187732
agg,nhl,males,4,5,7,16,2.2294928555939877,3.6966887435035614,13,2.1701436987957416,2587.782819139143
agg,nhl,females,4,5,7,16,2.0986206111300207,0.6848243075697631,13,1.8906951125698834,2409.252154710215
agg,hodgkin,males,4,5,7,16,4.678515014381433,-0.6064118503799142,13,2.7869651919249425,2242.981531311294
agg,hodgkin,females,4,5,7,16,5.9224281256272135,-6.668342324685998,13,3.1512126531838587,2277.768892574395
subtype,dlbcl,males,4,5,7,16,2.5079892815291003,3.359407855905605,13,1.9949333344378208,1327.449031903165
subtype,dlbcl,females,4,5,7,16,5.215474698428899,4.097054694073083,12,1.9901280489322841,1266.1969401918805
subtype,follicular,males,4,5,7,16,5.9560187368485575,3.371618319963187,13,1.3554400915306415,1100.5619026125846
subtype,follicular,females,4,5,7,16,6.094429484496223,-0.07839169060681192,13,1.5743818070550617,1084.7943885162672
subtype,mantle_cell,males,4,5,7,16,8.7216944478127,32.68896633152879,12,0.8008611579846217,714.2431468748183
subtype,mantle_cell,females,4,5,7,16,16.786219097385278,40.82258536101217,13,0.8754267111672134,598.0561221623249
agg,nhl,males,5,5,7,17,2.2294928555939877,3.6966887435035614,13,2.084348008187659,2564.1890042219193
agg,nhl,females,5,5,7,17,2.107323007356824,0.694027708637176,14,1.1130732514901596,2196.2930696618014
agg,hodgkin,males,5,5,7,17,4.653790586052794,-0.5820335638090595,14,2.2828995797055986,2104.0805883712683
agg,hodgkin,females,5,5,7,17,5.864868232482358,-6.796563067287176,13,3.7600899552422344,2445.2101506404497
subtype,dlbcl,males,5,5,7,17,2.568154319839585,3.7430716219027915,13,1.9949333344378208,1327.449031903165
subtype,dlbcl,females,5,5,7,17,7.336770503143493,8.748281274251095,14,1.209055894243073,1143.588355807809
subtype,follicular,males,5,5,7,17,7.330258622873591,4.576196021567753,13,1.3554400915306415,1100.5619026125846
subtype,follicular,females,5,5,7,17,6.468059948491265,-0.7284516864687969,13,1.5743818070550617,1084.7943885162672
subtype,mantle_cell,males,5,5,7,17,8.36565132972673,21.910204426338982,13,0.7738173429138543,711.1693629356522
subtype,mantle_cell,females,5,5,7,17,20.734725571264658,59.036346865424896,13,0.8754267111672134,598.0561221623249
agg,nhl,males,6,5,7,18,2.2316341675891267,3.729828979164617,13,2.084348008187659,2564.1890042219193
agg,nhl,females,6,5,7,18,2.1377275135782257,1.0926195529458198,14,1.1233004862293865,2199.0953319803507
agg,hodgkin,males,6,5,7,18,4.647460451855006,-0.34685707945599686,14,2.4327234417846024,2145.1323265809147
agg,hodgkin,females,6,5,7,18,6.37918034499243,-4.250864312570065,14,2.9034647843363985,2208.734763857007
subtype,dlbcl,males,6,5,7,18,2.568154319839585,3.7430716219027915,13,1.9920193698233917,1326.9886254940861
subtype,dlbcl,females,6,5,7,18,7.584602914387624,9.536241202934043,14,1.209055894243073,1143.588355807809
subtype,follicular,males,6,5,7,18,7.330258622873591,4.576196021567753,14,1.2424882442343514,1083.4730224955358
subtype,follicular,females,6,5,7,18,6.703037309498406,-1.1162211169941543,13,1.5743818070550617,1084.7943885162672
subtype,mantle_cell,males,6,5,7,18,8.36565132972673,21.910204426338982,13,0.7738173429138543,711.1693629356522
subtype,mantle_cell,females,6,5,7,18,20.734725571264658,59.036346865424896,14,0.8599808690693246,596.7556982417892
agg,nhl,males,7,5,7,19,2.2316341675891267,3.729828979164617,14,2.021783278151435,2546.961920183808
agg,nhl,females,7,5,7,19,2.1382887144346037,1.0486360637679428,14,1.1233004862293865,2199.0953319803507
agg,hodgkin,males,7,5,7,19,4.649199160224423,-0.4355221916913332,15,2.2713624121102263,2100.6480420380244
agg,hodgkin,females,7,5,7,19,6.37918034499243,-4.250864312570065,14,3.1458865328923533,2275.1583229613393
subtype,dlbcl,males,7,5,7,19,2.1449016695435827,3.1208233228210416,14,1.4967368479111838,1249.2372501840455
subtype,dlbcl,females,7,5,7,19,7.584602914387624,9.536241202934043,14,1.2036099065493326,1142.7333357398923
subtype,follicular,males,7,5,7,19,7.330258622873591,4.576196021567753,14,1.2424882442343514,1083.4730224955358
subtype,follicular,females,7,5,7,19,6.703037309498406,-1.1162211169941543,14,1.3260760159727927,1046.235997509295
subtype,mantle_cell,males,7,5,7,19,8.36565132972673,21.910204426338982,14,0.760225430875125,710.2616154026579
subtype,mantle_cell,females,7,5,7,19,20.734725571264658,59.036346865424896,14,0.8599808690693246,596.7556982417892
agg,nhl,males,4,6,7,17,1.9283187191530031,4.16078825104366,14,2.1760910985524595,2589.242262973686
agg,nhl,females,4,6,7,17,2.0796996166985413,0.7267414213581024,14,1.8918252228347177,2409.671109810212
agg,hodgkin,males,4,6,7,17,4.657373293486743,-0.7618831867095093,14,2.7933322007699433,2243.9391265428967
agg,hodgkin,females,4,6,7,17,6.492692561799627,-5.666534857398199,14,3.158499367873721,2278.6142397462354
subtype,dlbcl,males,4,6,7,17,2.533822743444857,3.464345249900235,14,1.9935899409435278,1327.243185790123
subtype,dlbcl,females,4,6,7,17,5.271849253660508,4.156531027405834,13,1.9975398463140783,1267.3778761292717
subtype,follicular,males,4,6,7,17,5.179591625651392,2.3817310774275304,14,1.3519989163006292,1100.6661980099416
subtype,follicular,females,4,6,7,17,6.3020205418494335,-0.29026218382531016,14,1.5803401626030937,1086.1554685302528
subtype,mantle_cell,males,4,6,7,17,8.66676652494086,32.10103421344898,13,0.7934050540981102,714.2642213027648
subtype,mantle_cell,females,4,6,7,17,16.55508297703144,40.94203348347065,14,0.8769448835252951,599.4190485113766
agg,nhl,males,5,6,7,18,1.9283187191530031,4.16078825104366,14,2.0899681082524175,2565.644563631477
agg,nhl,females,5,6,7,18,2.086609952942858,0.7362352670260053,15,1.110302409193976,2196.423556463453
agg,hodgkin,males,5,6,7,18,4.631323490346357,-0.7446909000591225,15,2.2874499907448866,2105.039951005287
agg,hodgkin,females,5,6,7,18,6.412920730948131,-5.782764856537073,14,3.7695877982264916,2446.0524696628927
subtype,dlbcl,males,5,6,7,18,2.5942419301864716,3.848860964809639,14,1.9935899409435278,1327.243185790123
subtype,dlbcl,females,5,6,7,18,7.43199096246957,8.810252427269772,15,1.211060476078485,1144.6920146798911
subtype,follicular,males,5,6,7,18,6.192323680024322,3.558168458262649,14,1.3519989163006292,1100.6661980099416
subtype,follicular,females,5,6,7,18,6.674624433424511,-0.9391409716968535,14,1.5803401626030937,1086.1554685302528
subtype,mantle_cell,males,5,6,7,18,8.310083100254028,21.265037473993647,14,0.7672399303973998,711.3628918276551
subtype,mantle_cell,females,5,6,7,18,20.670113232452415,59.063594356988936,14,0.8769448835252951,599.4190485113766
agg,nhl,males,6,6,7,19,1.9052701863001655,4.199285905739335,14,2.0899681082524175,2565.644563631477
agg,nhl,females,6,6,7,19,2.118620347013082,1.1334273277615956,15,1.1206610100425303,2199.25145449511
agg,hodgkin,males,6,6,7,19,4.625031533439903,-0.5090503356886924,15,2.4378390128727814,2146.0961540462017
agg,hodgkin,females,6,6,7,19,7.071893653124363,-3.2373138979747154,15,2.9098747144215973,2209.5812099859313
subtype,dlbcl,males,6,6,7,19,2.5942419301864716,3.848860964809639,14,1.9904104567729513,1326.7440067753423
subtype,dlbcl,females,6,6,7,19,7.680051554447593,9.598076955725112,15,1.211060476078485,1144.6920146798911
subtype,follicular,males,6,6,7,19,6.192323680024322,3.558168458262649,15,1.2363388388394367,1083.2712270096945
subtype,follicular,females,6,6,7,19,6.913880131704603,-1.3254505574851692,14,1.5803401626030937,1086.1554685302528
subtype,mantle_cell,males,6,6,7,19,8.310083100254028,21.265037473993647,14,0.7672399303973998,711.3628918276551
subtype,mantle_cell,females,6,6,7,19,20.670113232452415,59.063594356988936,15,0.8620832741687471,598.2236925682297
agg,nhl,males,7,6,7,20,1.9052701863001655,4.199285905739335,15,2.0271721679542294,2548.411303821817
agg,nhl,females,7,6,7,20,2.1195886435887217,1.0888675995040846,15,1.1206610100425303,2199.25145449511
agg,hodgkin,males,7,6,7,20,4.62674422800465,-0.5985185201628006,16,2.2758905238798506,2101.608326027253
agg,hodgkin,females,7,6,7,20,7.071893653124363,-3.2373138979747154,15,3.153115596504866,2275.985970794662
subtype,dlbcl,males,7,6,7,20,2.1709767446655284,3.2294590149776257,15,1.4901973202781533,1248.7203470253808
subtype,dlbcl,females,7,6,7,20,7.680051554447593,9.598076955725112,15,1.2055461492246118,1143.8317796906858
subtype,follicular,males,7,6,7,20,6.192323680024322,3.558168458262649,15,1.2363388388394367,1083.2712270096945
subtype,follicular,females,7,6,7,20,6.913880131704603,-1.3254505574851692,15,1.3312084761333705,1047.710585278373
subtype,mantle_cell,males,7,6,7,20,8.310083100254028,21.265037473993647,15,0.7535094976369333,710.4537043866246
subtype,mantle_cell,females,7,6,7,20,20.670113232452415,59.063594356988936,15,0.8620832741687471,598.2236925682297
agg,nhl,males,4,7,7,18,1.9322869386821162,4.142953246588328,15,2.1834162465879503,2591.065937288824
agg,nhl,females,4,7,7,18,2.0895760087904773,0.7196384621733349,15,1.8927738123787419,2410.038249532894
agg,hodgkin,males,4,7,7,18,4.707710623241712,-0.33352164811439367,15,2.8011585991366905,2245.2824010962504
agg,hodgkin,females,4,7,7,18,7.209800890958016,-4.758906307607941,15,3.162320053293154,2278.4987874978656
subtype,dlbcl,males,4,7,7,18,2.5394521557647938,3.488097131590041,15,2.0046293830610344,1328.9717488195108
subtype,dlbcl,females,4,7,7,18,5.926558352352137,4.695365874662925,14,2.0032331425581615,1268.274183793278
subtype,follicular,males,4,7,7,18,5.442879047606705,2.8291787749646313,15,1.357647532734973,1102.195383257399
subtype,follicular,females,4,7,7,18,6.610631209798293,-0.5679903847539928,15,1.5919877100907969,1088.3921457757317
subtype,mantle_cell,males,4,7,7,18,8.591495630141587,31.236559480064297,14,0.7845706257079692,714.0838109914147
subtype,mantle_cell,females,4,7,7,18,16.694488331973997,40.719807608924,15,0.8746202587836868,600.1794621681601
agg,nhl,males,5,7,7,19,1.9322869386821162,4.142953246588328,15,2.096973217914454,2567.466990460959
agg,nhl,females,5,7,7,19,2.096511133060287,0.7291206447040961,16,1.107831044695852,2196.6410429107714
agg,hodgkin,males,5,7,7,19,4.6818586436963,-0.31221447756540044,16,2.293393471854448,2106.369127876344
agg,hodgkin,females,5,7,7,19,7.130380276736881,-4.872929917902022,15,3.7754116531015596,2445.872794245562
subtype,dlbcl,males,5,7,7,19,2.599917404471448,3.87279479956911,15,2.0046293830610344,1328.9717488195108
subtype,dlbcl,females,5,7,7,19,8.13547400260292,9.369653799519416,16,1.2112609721332268,1145.512031092297
subtype,follicular,males,5,7,7,19,6.677779752747144,4.009632049847504,15,1.357647532734973,1102.195383257399
subtype,follicular,females,5,7,7,19,7.020883907298793,-1.2146288906720315,15,1.5919877100907969,1088.3921457757317
subtype,mantle_cell,males,5,7,7,19,8.320785654171816,20.31879247118073,15,0.7584824980660646,711.2294924535693
subtype,mantle_cell,females,5,7,7,19,20.618563849765252,58.84107925134375,15,0.8746202587836868,600.1794621681601
agg,nhl,males,6,7,7,20,1.9090539495282044,4.182483497707102,15,2.096973217914454,2567.466990460959
agg,nhl,females,6,7,7,20,2.129995600757502,1.1249015459230387,16,1.1182955565403176,2199.4873901324654
agg,hodgkin,males,6,7,7,20,4.6754722051752085,-0.07603681970048516,16,2.444336595179562,2147.4256574207734
agg,hodgkin,females,6,7,7,20,7.796134114510246,-2.3087370836104313,16,2.912873548523012,2209.4870181470937
subtype,dlbcl,males,6,7,7,20,2.599917404471448,3.87279479956911,15,2.001474325392201,1328.4795598231717
subtype,dlbcl,females,6,7,7,20,8.402191642407205,10.162249839764328,16,1.2112609721332268,1145.512031092297
subtype,follicular,males,6,7,7,20,6.677779752747144,4.009632049847504,16,1.2408833318214267,1084.7392845830636
subtype,follicular,females,6,7,7,20,7.31398481739406,-1.599739679159787,15,1.5919877100907969,1088.3921457757317
subtype,mantle_cell,males,6,7,7,20,8.320785654171816,20.31879247118073,15,0.7584824980660646,711.2294924535693
subtype,mantle_cell,females,6,7,7,20,20.618563849765252,58.84107925134375,16,0.8599108109093617,599.0248774888564
agg,nhl,males,7,7,7,21,1.9090539495282044,4.182483497707102,16,2.033927479221481,2550.2215763185563
agg,nhl,females,7,7,7,21,2.1309882724402707,1.080274372204616,16,1.1182955565403176,2199.4873901324654
agg,hodgkin,males,7,7,7,21,4.6772391522495464,-0.16607105271107045,17,2.2818063081333926,2102.9356130360834
agg,hodgkin,females,7,7,7,21,7.796134114510246,-2.3087370836104313,16,3.1568522063767923,2275.8492130833233
subtype,dlbcl,males,7,7,7,21,2.177190544069597,3.256123313901723,16,1.4984245353475656,1250.5053680408612
subtype,dlbcl,females,7,7,7,21,8.402191642407205,10.162249839764328,16,1.205666843755706,1144.6449411937822
subtype,follicular,males,7,7,7,21,6.677779752747144,4.009632049847504,16,1.2408833318214267,1084.7392845830636
subtype,follicular,females,7,7,7,21,7.31398481739406,-1.599739679159787,16,1.3416525933509091,1049.9982149709576
subtype,mantle_cell,males,7,7,7,21,8.320785654171816,20.31879247118073,16,0.744626647017729,710.3233530430116
subtype,mantle_cell,females,7,7,7,21,20.618563849765252,58.84107925134375,16,0.8599108109093617,599.0248774888564
