subtype,sex,duration,year,prev_mid,prev_p025,prev_p975,pct_change
dlbcl,females,2,2021,1539.2191363627257,1518.6411442476053,1560.1499347563852,0
dlbcl,females,2,2030,1892.8560021741705,1771.5082277952404,2025.3779944200178,23
dlbcl,females,2,2040,2199.879481061614,1983.3418941027012,2431.2877695008006,42.9
dlbcl,females,2,2045,2314.5976946120354,2042.352691889942,2628.015497290019,50.4
dlbcl,males,2,2021,2032.1040668070727,2009.5058332044232,2055.605592962457,0
dlbcl,males,2,2030,2565.054245919673,2432.069413375163,2723.1948340374415,26.2
dlbcl,males,2,2040,2893.1069775201368,2654.2146825114587,3178.232903682531,42.4
dlbcl,males,2,2045,2932.613907296146,2648.5563956400306,3304.6666256148183,44.3
dlbcl,persons,2,2021,3572.0212593794868,3536.2721685172564,3599.6381908361454,0
dlbcl,persons,2,2030,4461.159918737299,4273.8891491797,4675.038195117971,24.9
dlbcl,persons,2,2040,5094.4438074271075,4755.864700758884,5482.305745404726,42.6
dlbcl,persons,2,2045,5259.534338298542,4841.216639708294,5734.839667871335,47.2
follicular,females,2,2021,1263.2858226932974,1255.5753790694446,1269.4749357066423,0
follicular,females,2,2030,1404.2459251410419,1314.5685250136296,1502.2292636189409,11.2
follicular,females,2,2040,1407.8459710703412,1273.2781342388655,1561.7027753322232,11.4
follicular,females,2,2045,1335.7645903812931,1180.6250114132918,1502.778100086219,5.7
follicular,males,2,2021,1543.3892798456045,1535.1101188362943,1551.0499377372942,0
follicular,males,2,2030,1861.5015728498665,1743.8509586361317,1993.255448008705,20.6
follicular,males,2,2040,2011.4483880851076,1827.6107921542311,2226.8166156250277,30.3
follicular,males,2,2045,1982.4332493486627,1765.7001172768582,2238.5029555020715,28.4
follicular,persons,2,2021,2806.299166328674,2794.34541342427,2816.9098555082105,0
follicular,persons,2,2030,3265.1964676396483,3121.223105418617,3421.105418167089,16.4
follicular,persons,2,2040,3418.6622313185535,3190.0068717979343,3665.0176653737853,21.8
follicular,persons,2,2045,3318.6798902829964,3052.025540909318,3607.9852747441605,18.3
hodgkin,females,2,2021,655.7028003933817,648.349546046869,662.6604515943241,0
hodgkin,females,2,2030,779.4427019970558,727.2254895256197,833.3642668023298,18.9
hodgkin,females,2,2040,895.7703181668381,824.9257449362734,975.2904455240638,36.6
hodgkin,females,2,2045,944.8051088338425,862.1916816764278,1036.0354194082406,44.1
hodgkin,males,2,2021,800.510561615174,791.2074572640477,808.7804367694774,0
hodgkin,males,2,2030,976.4492016467271,914.2695084155368,1036.6438857825594,22
hodgkin,males,2,2040,1173.950325399605,1086.838638882734,1267.3783208308744,46.7
hodgkin,males,2,2045,1261.571520389519,1157.9753469712573,1371.5869250947908,57.6
hodgkin,persons,2,2021,1455.9958582381507,1443.9516892478111,1467.7687999248874,0
hodgkin,persons,2,2030,1755.9494800409097,1672.9343611837382,1832.6937507873108,20.6
hodgkin,persons,2,2040,2070.3225242852427,1944.306294162306,2190.322460196292,42.2
hodgkin,persons,2,2045,2208.1522345097155,2061.936225941494,2346.5303502510633,51.7
mantle_cell,females,2,2021,141.14680871427316,135.16218814186604,146.34978554844557,0
mantle_cell,females,2,2030,226.45282368066168,178.6975361387282,286.7400822942442,60.4
mantle_cell,females,2,2040,318.7717231809016,218.13639203300835,470.6884921858443,125.8
mantle_cell,females,2,2045,352.66795625002226,224.35779439016645,566.4937658802428,149.9
mantle_cell,males,2,2021,387.06694781891133,378.4052328574469,394.4255805225163,0
mantle_cell,males,2,2030,545.6564287012262,475.25241084349625,630.301774668488,41
mantle_cell,males,2,2040,663.7218210663075,531.8556074689209,833.7341788777768,71.5
mantle_cell,males,2,2045,683.0660966951073,520.7166802297073,906.9231469432032,76.5
mantle_cell,persons,2,2021,527.964507096631,518.0874060902521,536.978517170576,0
mantle_cell,persons,2,2030,773.1000573056729,689.8573997403906,868.0981589682253,46.4
mantle_cell,persons,2,2040,987.2235791493248,818.9540187985591,1199.2009233360939,87
mantle_cell,persons,2,2045,1046.2087284619142,830.3899393881754,1338.2133761603202,98.2
nhl,females,2,2021,4701.8236113374505,4670.041843677835,4730.780002212903,0
nhl,females,2,2030,6216.45191879658,6033.999448583289,6396.454181213506,32.2
nhl,females,2,2040,7590.782827274144,7292.477036710786,7916.099643571527,61.4
nhl,females,2,2045,8048.785454148975,7686.717647240604,8463.458493001375,71.2
nhl,males,2,2021,6087.6904760629095,6051.2938625387515,6122.110729624262,0
nhl,males,2,2030,8067.013803254047,7874.18039166375,8252.157357475124,32.5
nhl,males,2,2040,9601.921267560905,9299.936569789485,9918.876779052749,57.7
nhl,males,2,2045,10011.149416700086,9650.354873386872,10410.984278619768,64.4
nhl,persons,2,2021,10788.819284892506,10744.519528816296,10834.972720261909,0
nhl,persons,2,2030,14278.678384963076,14020.317901862532,14563.059874723853,32.3
nhl,persons,2,2040,17183.86591918098,16770.991622066715,17660.833165903932,59.3
nhl,persons,2,2045,18056.73735985764,17541.44981979024,18645.364604758888,67.4
total,females,2,2021,5357.290110225858,5326.068996523655,5386.7070780182485,0
total,females,2,2030,6994.501428136802,6801.762819777934,7181.088404089935,30.6
total,females,2,2040,8487.136256281508,8171.434867026327,8809.679818280396,58.4
total,females,2,2045,8998.250824010525,8616.483314799587,9397.840344480735,68
total,males,2,2021,6887.8914442728565,6850.491471861154,6923.794465862248,0
total,males,2,2030,9039.07475554851,8834.088426388302,9250.233061599387,31.2
total,males,2,2040,10777.526605650008,10448.384855874901,11129.974014269617,56.5
total,males,2,2045,11268.840336060352,10880.271926875384,11709.46068127705,63.6
total,persons,2,2021,12244.592286443518,12198.979279215184,12292.058840624219,0
total,persons,2,2030,16028.673807764388,15755.783698455509,16330.651742776638,30.9
total,persons,2,2040,19259.8682491093,18814.95036498578,19748.648157790965,57.3
total,persons,2,2045,20268.83649473647,19723.409285982925,20881.243833938457,65.5
dlbcl,females,3,2021,2165.495395570331,2142.8818089135602,2189.43744422107,0
dlbcl,females,3,2030,2702.7830594522693,2537.411837443863,2886.3553297149583,24.8
dlbcl,females,3,2040,3152.1106256991134,2859.0166155218667,3489.9605429195526,45.6
dlbcl,females,3,2045,3316.9204639526397,2952.730127818413,3755.509136790159,53.2
dlbcl,males,3,2021,2844.954410403896,2819.987152878928,2870.7911505590123,0
dlbcl,males,3,2030,3636.456278507463,3453.091451207821,3858.2199438898056,27.8
dlbcl,males,3,2040,4125.798433405297,3805.7478663615016,4536.459984627206,45
dlbcl,males,3,2045,4186.874349058143,3806.6168890147446,4707.042423256809,47.2
dlbcl,persons,3,2021,5011.514414685673,4971.475237826555,5046.471689811506,0
dlbcl,persons,3,2030,6343.001016471005,6097.792858262667,6623.648378719518,26.6
dlbcl,persons,3,2040,7291.589939966956,6831.3131839358175,7785.967090779817,45.5
dlbcl,persons,3,2045,7529.719281903057,6932.696395358755,8177.715755800048,50.2
follicular,females,3,2021,1805.3390948349813,1796.094430236075,1813.5003967124944,0
follicular,females,3,2030,2070.692420102784,1937.858968280033,2215.171679990519,14.7
follicular,females,3,2040,2087.9107620459768,1897.9549054168644,2311.5893079696875,15.7
follicular,females,3,2045,1974.658421734703,1757.8034540456474,2224.8647543479346,9.4
follicular,males,3,2021,2247.9529649986257,2237.3555283453434,2257.96159876824,0
follicular,males,3,2030,2731.7088538439893,2564.718345493771,2916.34531140676,21.5
follicular,males,3,2040,2967.945530535332,2706.65588455056,3278.8011252915685,32
follicular,males,3,2045,2927.5684923466333,2619.6080143238787,3302.5821416339872,30.2
follicular,persons,3,2021,4053.0534570304744,4039.048499986757,4066.2647120644738,0
follicular,persons,3,2030,4802.216169789877,4590.68324895723,5020.766006150561,18.5
follicular,persons,3,2040,5055.748350686334,4717.910711691672,5413.745831958691,24.7
follicular,persons,3,2045,4904.622673262249,4519.883647456854,5324.394178475861,21
hodgkin,females,3,2021,951.7006542121884,943.0638681583514,959.8614828966231,0
hodgkin,females,3,2030,1144.287199506622,1068.3683829759675,1222.4992780250702,20.2
hodgkin,females,3,2040,1314.5046349127156,1207.984734312879,1423.5574469337407,38.1
hodgkin,females,3,2045,1386.8701285353827,1262.9447576725124,1514.3367370113583,45.7
hodgkin,males,3,2021,1151.4507100143703,1141.2881523283504,1160.2351723622262,0
hodgkin,males,3,2030,1422.1007605975144,1338.2204445152477,1507.7399331655358,23.5
hodgkin,males,3,2040,1711.0417869726482,1589.33619279912,1834.892591661276,48.6
hodgkin,males,3,2045,1838.573874450055,1695.399543123018,1985.8156305963812,59.7
hodgkin,persons,3,2021,2103.065169060931,2089.7174597742874,2115.6789294994433,0
hodgkin,persons,3,2030,2565.483296508832,2445.3718919994376,2677.6514839582624,22
hodgkin,persons,3,2040,3026.760990866342,2851.4528232936914,3179.7214480670877,43.9
hodgkin,persons,3,2045,3225.619220561345,3023.485440908639,3409.6785156868327,53.4
mantle_cell,females,3,2021,194.37348391338668,187.32867509469864,200.1499130555714,0
mantle_cell,females,3,2030,321.22870535629846,256.0393057034532,403.1892089097725,65.3
mantle_cell,females,3,2040,453.282299529154,320.81733627126096,661.168437586993,133.2
mantle_cell,females,3,2045,504.7292709653177,323.2515979068383,795.9015280102506,159.7
mantle_cell,males,3,2021,573.9011803866513,563.5565972955103,583.2342855792159,0
mantle_cell,males,3,2030,779.6774200097684,683.680580602418,895.1186136645724,35.9
mantle_cell,males,3,2040,962.8474940965317,770.2128296917656,1206.5393088585913,67.8
mantle_cell,males,3,2045,988.6324321462023,758.3331827035373,1307.8141228549684,72.3
mantle_cell,persons,3,2021,768.067489028984,756.8064632661689,779.1544588756113,0
mantle_cell,persons,3,2030,1102.1994400326653,985.9957763894769,1238.175353583405,43.5
mantle_cell,persons,3,2040,1424.3321521095947,1191.8924060770753,1728.7711489158096,85.4
mantle_cell,persons,3,2045,1510.3767172644716,1207.0998400587484,1927.5927303436572,96.6
nhl,females,3,2021,6656.796049429591,6624.61181892271,6690.759203220374,0
nhl,females,3,2030,8971.789004985067,8728.858177312695,9217.43017680592,34.8
nhl,females,3,2040,11022.855957373466,10615.215851146353,11457.62343681268,65.6
nhl,females,3,2045,11707.451431074129,11193.42056094993,12258.31206846775,75.9
nhl,males,3,2021,8715.401723177387,8678.089373119887,8756.313897201024,0
nhl,males,3,2030,11551.023583624617,11282.221196012959,11818.488761786466,32.5
nhl,males,3,2040,13822.189821584083,13392.778147626354,14259.874396977577,58.6
nhl,males,3,2045,14412.925924393541,13899.81939154334,14958.411907852378,65.4
nhl,persons,3,2021,15372.110996918927,15323.199108695404,15423.224317657705,0
nhl,persons,3,2030,20516.541466415034,20169.91011453244,20885.120683297224,33.5
nhl,persons,3,2040,24844.916346342492,24270.65286013667,25462.0850392845,61.6
nhl,persons,3,2045,26117.069586183003,25403.95734098136,26908.86832616239,69.9
total,females,3,2021,7608.89451176058,7575.182154029608,7641.887948969825,0
total,females,3,2030,10113.544956651,9866.811014578903,10363.680666469221,32.9
total,females,3,2040,12340.141759071506,11926.429735253863,12773.599662504399,62.2
total,females,3,2045,13086.845558667172,12566.178047003588,13647.660132784187,72
total,males,3,2021,9867.168024631948,9828.104001618543,9906.909864111913,0
total,males,3,2030,12969.105237847201,12701.60683271098,13262.31449571149,31.4
total,males,3,2040,15526.384646090193,15084.952711264526,15994.724286368384,57.4
total,males,3,2045,16246.017263134767,15725.908796727626,16822.80171990885,64.6
total,persons,3,2021,17475.456038018627,17424.467398879846,17529.605505721334,0
total,persons,3,2030,23078.662976721826,22725.623972172154,23473.166714591454,32.1
total,persons,3,2040,27863.883350893062,27285.99568354502,28518.65677360474,59.4
total,persons,3,2045,29335.960843184264,28634.76362698775,30167.468950849106,67.9
dlbcl,females,5,2021,3198.547861964964,3172.5759440356182,3226.3255307872037,0
dlbcl,females,5,2030,4133.331508182306,3899.5810486644114,4399.8556366135035,29.2
dlbcl,females,5,2040,4864.687563416033,4431.725292698381,5362.052807278418,52.1
dlbcl,females,5,2045,5126.6646561451935,4581.1737950785055,5796.267423894514,60.3
dlbcl,males,5,2021,4282.510222393296,4251.688110259006,4313.121477977438,0
dlbcl,males,5,2030,5506.450975023538,5231.776465629308,5813.9025424075835,28.6
dlbcl,males,5,2040,6308.54438322777,5843.409299102834,6882.816558462084,47.3
dlbcl,males,5,2045,6412.012168908253,5859.102371809378,7151.435455569684,49.7
dlbcl,persons,5,2021,7482.062583458446,7436.9809480917065,7523.4340521723825,0
dlbcl,persons,5,2030,9644.852858647093,9277.299629925392,10061.86559324513,28.9
dlbcl,persons,5,2040,11180.591108721977,10492.496167742223,11912.394061525089,49.4
dlbcl,persons,5,2045,11567.742774113747,10697.49724418043,12529.077867249167,54.6
follicular,females,5,2021,2871.4669813776604,2859.4370417585515,2881.9725324976853,0
follicular,females,5,2030,3334.7781849338235,3134.992466862711,3564.897339688929,16.1
follicular,females,5,2040,3424.4110857814862,3114.9625186579,3781.039101957096,19.3
follicular,females,5,2045,3249.691267672225,2909.812146994031,3645.262132185889,13.2
follicular,males,5,2021,3496.9558643499413,3483.0013188739586,3511.110161895296,0
follicular,males,5,2030,4311.598551830479,4060.1878580852667,4601.203322253491,23.3
follicular,males,5,2040,4722.2161483726795,4316.1869333331315,5200.730400781283,35
follicular,males,5,2045,4666.3043260633285,4186.5683674316315,5220.199901355736,33.4
follicular,persons,5,2021,6368.477534211162,6349.626232256313,6387.169301510849,0
follicular,persons,5,2030,7658.142557436666,7327.208479261494,7989.818734987236,20.3
follicular,persons,5,2040,8151.583047179997,7616.79997675597,8700.242200186021,28
follicular,persons,5,2045,7911.546675209481,7302.490811384326,8575.593025711403,24.2
hodgkin,females,5,2021,1469.2596306446294,1459.8951770313508,1478.1855906785706,0
hodgkin,females,5,2030,1842.6115484534262,1724.5862349987674,1968.3085964757283,25.4
hodgkin,females,5,2040,2130.389860383195,1964.8165347212137,2303.6857490362854,45
hodgkin,females,5,2045,2243.9620328253823,2058.706813017816,2445.966980172629,52.7
hodgkin,males,5,2021,1829.9960191081857,1818.8657180341904,1841.0132104864895,0
hodgkin,males,5,2030,2258.665306512504,2134.5042666763984,2393.2790544730647,23.4
hodgkin,males,5,2040,2736.928258009612,2542.1307598261433,2933.9738497626454,49.6
hodgkin,males,5,2045,2945.1943485046763,2720.67295822326,3178.891377688391,60.9
hodgkin,persons,5,2021,3299.2136049868213,3283.3468584271263,3313.081595729064,0
hodgkin,persons,5,2030,4102.186933465304,3924.5707098419884,4278.693173660699,24.3
hodgkin,persons,5,2040,4866.482245853741,4598.48781159672,5104.564946952499,47.5
hodgkin,persons,5,2045,5188.2074747719835,4879.845472776282,5478.624288044805,57.3
mantle_cell,females,5,2021,303.65268724147,295.73281960073444,310.65464638435566,0
mantle_cell,females,5,2030,491.719470116365,395.5514947180644,610.7124284016717,61.9
mantle_cell,females,5,2040,720.2297974408486,512.1413320640676,1033.1785953815688,137.2
mantle_cell,females,5,2045,802.7490294927494,525.7103373429378,1264.9331256795472,164.4
mantle_cell,males,5,2021,855.522821944815,843.2496223805083,866.7538282826293,0
mantle_cell,males,5,2030,1169.146793035935,1031.8025064672922,1329.3205141727415,36.7
mantle_cell,males,5,2040,1487.242979273566,1209.2505265056593,1859.3799315931628,73.8
mantle_cell,males,5,2045,1527.9858262804137,1200.3924275715465,2003.6991261620228,78.6
mantle_cell,persons,5,2021,1159.087198710035,1144.6518471011025,1172.6560193784546,0
mantle_cell,persons,5,2030,1663.6351756165582,1494.4461944062555,1857.1181424560361,43.5
mantle_cell,persons,5,2040,2224.3183267128175,1876.1801328948434,2683.3393711299245,91.9
mantle_cell,persons,5,2045,2367.3002151767664,1901.9094614551489,3011.428159710905,104.2
nhl,females,5,2021,10164.919315766172,10125.099247934471,10204.154939268617,0
nhl,females,5,2030,13860.453534017677,13509.027508595143,14220.35151419969,36.4
nhl,females,5,2040,17272.253491109597,16681.259347853815,17912.085838622243,69.9
nhl,females,5,2045,18397.211188363035,17660.801253509642,19209.310426268574,81
nhl,males,5,2021,13314.251630094323,13266.376364071872,13361.751992928135,0
nhl,males,5,2030,17640.98217065825,17263.414255962263,18024.71317850985,32.5
nhl,males,5,2040,21320.120409177645,20684.926371769823,21961.362865084207,60.1
nhl,males,5,2045,22278.436993875057,21525.694584626865,23070.054228837937,67.3
nhl,persons,5,2021,23477.77035497331,23418.235685680596,23538.905740821323,0
nhl,persons,5,2030,31496.600937302926,30976.68131178544,32028.599844399014,34.2
nhl,persons,5,2040,38591.75281591441,37752.134948181076,39549.52599801262,64.4
nhl,persons,5,2045,40668.53265516225,39623.70124297039,41887.814957722454,73.2
total,females,5,2021,11634.346535790992,11592.752579205124,11674.212748057533,0
total,females,5,2030,15700.035450020488,15342.487189405647,16074.67363308982,34.9
total,females,5,2040,19403.641666429154,18767.09500250814,20036.64057460129,66.8
total,females,5,2045,20638.28867180916,19864.522853936127,21457.712839964683,77.4
total,males,5,2021,15143.924506352916,15094.13562010835,15192.094333867022,0
total,males,5,2030,19900.543163776078,19485.93758547725,20313.81215507795,31.4
total,males,5,2040,24060.630913984805,23429.854132879438,24738.853613510746,58.9
total,males,5,2045,25214.917530881125,24462.69103698248,26053.261853493066,66.5
total,persons,5,2021,26778.167035938342,26713.30234132401,26840.53603959651,0
total,persons,5,2030,35596.50469963123,35066.23087327974,36180.385559350776,32.9
total,persons,5,2040,43475.90835467816,42615.5398317944,44419.88803923011,62.4
total,persons,5,2045,45859.4397845527,44750.98228165069,47120.45784907964,71.3
dlbcl,females,10,2021,5321.715407922574,5221.130952425418,5421.848990714468,0
dlbcl,females,10,2030,6929.955996263929,6545.804126630705,7362.769712721497,30.2
dlbcl,females,10,2040,8384.509479326305,7629.910542285475,9284.757688690697,57.6
dlbcl,females,10,2045,8865.571558385283,7925.991405715879,10053.405559640385,66.6
dlbcl,males,10,2021,7050.118752127807,6929.012926296247,7177.8781054074825,0
dlbcl,males,10,2030,8984.310079790976,8575.003240105207,9466.932558089984,27.4
dlbcl,males,10,2040,10602.11915201652,9748.95376721419,11676.53573563957,50.4
dlbcl,males,10,2045,10819.337601441028,9804.955171581636,12172.210908285944,53.5
dlbcl,persons,10,2021,12371.005229920807,12216.475975499909,12523.937742820683,0
dlbcl,persons,10,2030,15930.309465325561,15342.7404287326,16546.029028999772,28.8
dlbcl,persons,10,2040,19044.379149826895,17796.684263549578,20292.93334812204,53.9
dlbcl,persons,10,2045,19780.244108319777,18245.26696635838,21392.47260567725,59.9
follicular,females,10,2021,5013.525038120873,4950.013995752186,5072.6959594371365,0
follicular,females,10,2030,6056.830619903637,5725.754341970136,6412.176690251309,20.8
follicular,females,10,2040,6597.75358073166,6023.819190874144,7257.970164400601,31.6
follicular,females,10,2045,6342.6664414176,5664.765820090572,7108.680668862152,26.5
follicular,males,10,2021,5851.707417613839,5780.085198514145,5926.833594325789,0
follicular,males,10,2030,7529.603021387263,7107.690000855159,7984.269355187852,28.7
follicular,males,10,2040,8552.826386863573,7784.921107747925,9435.709386230272,46.2
follicular,males,10,2045,8506.34912367434,7598.9293075529,9596.330940122023,45.4
follicular,persons,10,2021,10865.054060518894,10769.008769276112,10960.492385633548,0
follicular,persons,10,2030,13594.068146777194,13018.048451089526,14157.09568292244,25.1
follicular,persons,10,2040,15175.760352695703,14196.629836702301,16192.877175939117,39.7
follicular,persons,10,2045,14866.253319800828,13741.462513200118,16121.071279819618,36.8
hodgkin,females,10,2021,2716.7349308240837,2674.44996671539,2755.882854942649,0
hodgkin,females,10,2030,3379.970076213157,3174.1454929789757,3591.0794564028606,24.4
hodgkin,females,10,2040,3981.537314410043,3664.1354314347777,4308.134149782512,46.6
hodgkin,females,10,2045,4193.814261227784,3825.5863868453107,4582.794158801297,54.4
hodgkin,males,10,2021,3273.525693385936,3220.9499679529795,3322.3010207503003,0
hodgkin,males,10,2030,4058.5729727270655,3854.477619510072,4291.575452622155,24
hodgkin,males,10,2040,5015.242867120449,4673.897555223847,5390.979320506562,53.2
hodgkin,males,10,2045,5407.166132519005,4992.1609373068595,5850.977917541088,65.2
hodgkin,persons,10,2021,5991.1979733544595,5927.549289887398,6055.100770678852,0
hodgkin,persons,10,2030,7442.80513031457,7130.734274719922,7739.541507491908,24.2
hodgkin,persons,10,2040,9010.145367523366,8500.747489510646,9474.634515231734,50.4
hodgkin,persons,10,2045,9617.213306045744,9028.766074215471,10165.628631009844,60.5
mantle_cell,females,10,2021,492.2125084505202,460.9411308523823,523.3994573162993,0
mantle_cell,females,10,2030,737.552587681482,597.5213588173747,899.1652251170062,49.8
mantle_cell,females,10,2040,1186.9239100741736,853.1442487234706,1670.8220908431858,141.1
mantle_cell,females,10,2045,1348.2051995788045,903.6499130715002,2069.089066886022,173.9
mantle_cell,males,10,2021,1195.1531503338533,1152.9485355876188,1240.0596048245966,0
mantle_cell,males,10,2030,1824.5707529135548,1609.2789144513001,2039.7260916616542,52.7
mantle_cell,males,10,2040,2557.995006581371,2059.992175524769,3126.5766634921692,114
mantle_cell,males,10,2045,2651.975670982649,2035.247940215439,3385.9453634738607,121.9
mantle_cell,persons,10,2021,1688.0541778029988,1635.2164851266484,1740.939360680045,0
mantle_cell,persons,10,2030,2559.588801272957,2302.330617142798,2832.843817204317,51.6
mantle_cell,persons,10,2040,3772.4947278438585,3101.6793950586625,4482.81350654998,123.5
mantle_cell,persons,10,2045,4042.893087171109,3199.017838076084,5045.3607590533065,139.5
nhl,females,10,2021,17089.60446431062,16916.49259858896,17243.002248969708,0
nhl,females,10,2030,23252.963096260915,22698.8867307449,23851.017863870984,36.1
nhl,females,10,2040,30289.955328505086,29134.963023385473,31547.392381956553,77.2
nhl,females,10,2045,32474.931972374656,31001.735433351245,34109.81680950512,90
nhl,males,10,2021,21666.40968249984,21458.875793049807,21875.4545934971,0
nhl,males,10,2030,28990.016733867727,28345.82836853392,29667.685123287414,33.8
nhl,males,10,2040,36442.63440063038,35264.67079582703,37741.155181022055,68.2
nhl,males,10,2045,38207.87565979264,36792.87513593096,39756.66676399777,76.3
nhl,persons,10,2021,38749.526589409674,38497.21934900783,39019.054083101655,0
nhl,persons,10,2030,52255.00372435862,51422.4231819512,53103.46415018167,34.9
nhl,persons,10,2040,66749.9795551002,65114.029189581546,68579.16112876915,72.3
nhl,persons,10,2045,70667.73366645456,68687.37987033451,72902.8848955933,82.4
total,females,10,2021,19803.008214124402,19631.407520091776,19968.56714724852,0
total,females,10,2030,26633.293078982075,26067.84464165437,27286.75659221525,34.5
total,females,10,2040,34249.195850582546,33090.511482040114,35562.76056618774,72.9
total,females,10,2045,36649.47290376207,35224.76366937836,38290.62660823927,85.1
total,males,10,2021,24941.519614451132,24717.25160118677,25151.618080213782,0
total,males,10,2030,33054.17160872418,32377.38771642059,33744.48640789541,32.5
total,males,10,2040,41458.18142460906,40232.26471174545,42860.87399429641,66.2
total,males,10,2045,43591.78313976251,42119.217450567994,45266.07723274169,74.8
total,persons,10,2021,44744.006529691316,44474.362022246656,45027.98883065495,0
total,persons,10,2030,59699.905647632884,58801.7923596301,60654.84662113156,33.4
total,persons,10,2040,75742.2164332751,74011.6669266034,77573.74705278454,69.3
total,persons,10,2045,80261.96684989275,78172.59682620295,82580.8383941539,79.4
dlbcl,females,40,2021,9927.58407869558,8313.29060165734,12033.073902051528,0
dlbcl,females,40,2030,13190.930798562451,11842.047284598813,14791.183974650414,32.9
dlbcl,females,40,2040,16845.28117909829,15260.00757022167,18604.015906890952,69.7
dlbcl,females,40,2045,18633.62480429453,16054.116579011756,21527.092426812953,87.7
dlbcl,males,40,2021,12177.987493427694,10466.826996122212,14562.214724441783,0
dlbcl,males,40,2030,16339.468292206599,14933.491426695342,18177.55727524179,34.2
dlbcl,males,40,2040,20406.955058087035,18779.213679548215,22354.06706379673,67.6
dlbcl,males,40,2045,21815.972048452124,19213.422699380713,25068.456053503724,79.1
dlbcl,persons,40,2021,22265.224670569085,19660.34634833172,25203.277844334658,0
dlbcl,persons,40,2030,29556.49597421797,27494.15306689081,31954.03668252047,32.7
dlbcl,persons,40,2040,37306.63282514223,34908.968867431446,39942.179540978206,67.6
dlbcl,persons,40,2045,40504.73027987083,36658.968597524145,44685.84326375996,81.9
follicular,females,40,2021,9303.644403383692,8330.400109280305,10605.645159621286,0
follicular,females,40,2030,12694.898283449766,11830.177232035707,13800.949647665575,36.5
follicular,females,40,2040,16546.28805661614,15306.998221957945,17806.37486528216,77.8
follicular,females,40,2045,18020.966070195907,16181.259795606042,19849.887229407996,93.7
follicular,males,40,2021,11242.881287622527,9964.545984762204,12829.024116016064,0
follicular,males,40,2030,15186.554346531837,14052.272046322872,16605.69773494321,35.1
follicular,males,40,2040,19218.190162205057,17726.729695266404,21094.383613352216,70.9
follicular,males,40,2045,20698.80755553441,18370.148651962914,23566.655139834962,84.1
follicular,persons,40,2021,20578.756992438895,18964.15847355871,22591.776773856724,0
follicular,persons,40,2030,27926.42843650201,26422.82053706309,29655.39719352211,35.7
follicular,persons,40,2040,35773.77662158938,33667.46907142664,37927.3447414957,73.8
follicular,persons,40,2045,38713.08898581036,35572.45225192861,41867.62257262984,88.1
hodgkin,females,40,2021,6201.716981372676,5416.874119651577,6969.617342609663,0
hodgkin,females,40,2030,8136.907150063967,7436.167028924293,8777.031255263244,31.2
hodgkin,females,40,2040,10460.408467609624,9732.314749630546,11167.295594549609,68.7
hodgkin,females,40,2045,11607.647324408475,10568.918977337762,12550.040334546276,87.2
hodgkin,males,40,2021,7300.904176842885,6266.511349365783,8297.452116322174,0
hodgkin,males,40,2030,9414.292201979042,8588.936271616036,10171.342189559173,28.9
hodgkin,males,40,2040,12344.610183565299,11476.60718928862,13225.783007856211,69.1
hodgkin,males,40,2045,13852.815804325546,12648.544060671642,15135.553711829469,89.7
hodgkin,persons,40,2021,13500.924299135648,12131.759466191412,14789.348561672083,0
hodgkin,persons,40,2030,17537.240691458603,16461.575160648947,18569.254091493713,29.9
hodgkin,persons,40,2040,22803.475914625884,21664.74507758882,23928.583419769595,68.9
hodgkin,persons,40,2045,25444.161895140656,23912.795383982273,27075.984634253706,88.5
mantle_cell,females,40,2021,698.8564092956689,548.3576695012778,996.5260925826858,0
mantle_cell,females,40,2030,1115.3473246921185,897.311337528631,1391.099474983704,59.6
mantle_cell,females,40,2040,1801.952357288965,1276.908712940464,2485.6546220278237,157.8
mantle_cell,females,40,2045,2186.8213335329488,1378.2285643266546,3309.162119415927,212.9
mantle_cell,males,40,2021,1518.7319663477458,1358.158478849939,1902.7520770199812,0
mantle_cell,males,40,2030,2504.2864243843214,2200.000567048984,2846.2039775440294,64.9
mantle_cell,males,40,2040,4065.235918671355,3210.330683052287,5047.294309214556,167.7
mantle_cell,males,40,2045,4771.59629944522,3493.381431810152,6260.574858550983,214.2
mantle_cell,persons,40,2021,2251.5745817277266,1962.1294400734168,2701.9769567403564,0
mantle_cell,persons,40,2030,3630.179882338756,3242.5441378018086,4046.737279836316,61.2
mantle_cell,persons,40,2040,5915.282534340461,4819.796944186677,7038.5062368344825,162.7
mantle_cell,persons,40,2045,7018.0053980085895,5350.900650812567,8868.70900829521,211.7
nhl,females,40,2021,30149.90156775373,27619.74427864135,33737.58856009198,0
nhl,females,40,2030,42916.271797568785,40803.402006192235,45634.375476426096,42.3
nhl,females,40,2040,59685.06565980759,56664.58381580851,62796.60552927484,98
nhl,females,40,2045,67837.53181835948,63159.54016827967,73250.67321632887,125
nhl,males,40,2021,35485.300817073665,32753.778747633616,38962.80486344758,0
nhl,males,40,2030,50468.516252921414,48263.38623327112,53176.857672859274,42.2
nhl,males,40,2040,68940.872820033,65941.66008770924,72222.75237594706,94.3
nhl,males,40,2045,77038.38307160063,72096.70872044636,82461.99788441298,117.1
nhl,persons,40,2021,65853.2619039687,61970.35414794413,70968.44376736387,0
nhl,persons,40,2030,93446.27798313182,90161.49789749761,97147.68714703419,41.9
nhl,persons,40,2040,128598.95803909565,124547.34337102056,133277.89663751356,95.3
nhl,persons,40,2045,144905.28319862328,138271.72508181626,152649.40562494678,120
total,females,40,2021,36376.34132571063,33799.84569008935,40122.156031646875,0
total,females,40,2030,50966.313240796226,48808.53021996026,53733.26163955696,40.1
total,females,40,2040,70148.55764986115,67002.15096684241,73198.34777671545,92.8
total,females,40,2045,79420.2713512999,74347.9028941958,85173.11178536166,118.3
total,males,40,2021,42741.68658490147,40068.40035182885,46344.153035947755,0
total,males,40,2030,59869.691173161744,57525.66311980265,62738.99534003685,40.1
total,males,40,2040,81258.62639025928,78252.87022742782,84799.60775403131,90.1
total,males,40,2045,90870.36492080866,86072.80723275006,96796.48451704836,112.6
total,persons,40,2021,79310.97880636042,75452.97937155399,84545.64879363519,0
total,persons,40,2030,110934.98052630355,107588.01579227924,114798.95773111784,39.9
total,persons,40,2040,151404.09543137392,146983.3942941599,156151.37693188273,90.9
total,persons,40,2045,170340.41866373777,163477.4740936528,178159.57809032282,114.8
