year,sex,age_group,cancer_group,count
1982,females,15–24,Hodgkin lymphoma,38
1982,females,15–24,Non-Hodgkin lymphoma,10
1982,females,25–34,Hodgkin lymphoma,32
1982,females,25–34,Non-Hodgkin lymphoma,22
1982,females,35–44,Hodgkin lymphoma,9
1982,females,35–44,Non-Hodgkin lymphoma,46
1982,females,45–54,Hodgkin lymphoma,6
1982,females,45–54,Non-Hodgkin lymphoma,91
1982,females,55–64,Hodgkin lymphoma,13
1982,females,55–64,Non-Hodgkin lymphoma,139
1982,females,5–14,Hodgkin lymphoma,5
1982,females,5–14,Non-Hodgkin lymphoma,17
1982,females,65–74,Hodgkin lymphoma,12
1982,females,65–74,Non-Hodgkin lymphoma,200
1982,females,75–84,Hodgkin lymphoma,10
1982,females,75–84,Non-Hodgkin lymphoma,126
1982,females,85+,Hodgkin lymphoma,1
1982,females,85+,Non-Hodgkin lymphoma,36
1982,males,15–24,Hodgkin lymphoma,44
1982,males,15–24,Non-Hodgkin lymphoma,22
1982,males,25–34,Hodgkin lymphoma,39
1982,males,25–34,Non-Hodgkin lymphoma,42
1982,males,35–44,Hodgkin lymphoma,26
1982,males,35–44,Non-Hodgkin lymphoma,52
1982,males,45–54,Hodgkin lymphoma,30
1982,males,45–54,Non-Hodgkin lymphoma,97
1982,males,55–64,Hodgkin lymphoma,21
1982,males,55–64,Non-Hodgkin lymphoma,170
1982,males,5–14,Hodgkin lymphoma,8
1982,males,5–14,Non-Hodgkin lymphoma,19
1982,males,65–74,Hodgkin lymphoma,27
1982,males,65–74,Non-Hodgkin lymphoma,215
1982,males,75–84,Hodgkin lymphoma,7
1982,males,75–84,Non-Hodgkin lymphoma,101
1982,males,85+,Hodgkin lymphoma,0
1982,males,85+,Non-Hodgkin lymphoma,18
1983,females,15–24,Hodgkin lymphoma,33
1983,females,15–24,Non-Hodgkin lymphoma,12
1983,females,25–34,Hodgkin lymphoma,23
1983,females,25–34,Non-Hodgkin lymphoma,19
1983,females,35–44,Hodgkin lymphoma,22
1983,females,35–44,Non-Hodgkin lymphoma,42
1983,females,45–54,Hodgkin lymphoma,3
1983,females,45–54,Non-Hodgkin lymphoma,77
1983,females,55–64,Hodgkin lymphoma,8
1983,females,55–64,Non-Hodgkin lymphoma,166
1983,females,5–14,Hodgkin lymphoma,3
1983,females,5–14,Non-Hodgkin lymphoma,8
1983,females,65–74,Hodgkin lymphoma,21
1983,females,65–74,Non-Hodgkin lymphoma,180
1983,females,75–84,Hodgkin lymphoma,13
1983,females,75–84,Non-Hodgkin lymphoma,150
1983,females,85+,Hodgkin lymphoma,0
1983,females,85+,Non-Hodgkin lymphoma,37
1983,males,15–24,Hodgkin lymphoma,48
1983,males,15–24,Non-Hodgkin lymphoma,15
1983,males,25–34,Hodgkin lymphoma,37
1983,males,25–34,Non-Hodgkin lymphoma,35
1983,males,35–44,Hodgkin lymphoma,26
1983,males,35–44,Non-Hodgkin lymphoma,79
1983,males,45–54,Hodgkin lymphoma,30
1983,males,45–54,Non-Hodgkin lymphoma,96
1983,males,55–64,Hodgkin lymphoma,26
1983,males,55–64,Non-Hodgkin lymphoma,189
1983,males,5–14,Hodgkin lymphoma,13
1983,males,5–14,Non-Hodgkin lymphoma,29
1983,males,65–74,Hodgkin lymphoma,19
1983,males,65–74,Non-Hodgkin lymphoma,193
1983,males,75–84,Hodgkin lymphoma,5
1983,males,75–84,Non-Hodgkin lymphoma,98
1983,males,85+,Hodgkin lymphoma,0
1983,males,85+,Non-Hodgkin lymphoma,17
1984,females,15–24,Hodgkin lymphoma,23
1984,females,15–24,Non-Hodgkin lymphoma,11
1984,females,25–34,Hodgkin lymphoma,30
1984,females,25–34,Non-Hodgkin lymphoma,27
1984,females,35–44,Hodgkin lymphoma,15
1984,females,35–44,Non-Hodgkin lymphoma,50
1984,females,45–54,Hodgkin lymphoma,15
1984,females,45–54,Non-Hodgkin lymphoma,87
1984,females,55–64,Hodgkin lymphoma,12
1984,females,55–64,Non-Hodgkin lymphoma,168
1984,females,5–14,Hodgkin lymphoma,6
1984,females,5–14,Non-Hodgkin lymphoma,6
1984,females,65–74,Hodgkin lymphoma,19
1984,females,65–74,Non-Hodgkin lymphoma,208
1984,females,75–84,Hodgkin lymphoma,15
1984,females,75–84,Non-Hodgkin lymphoma,159
1984,females,85+,Hodgkin lymphoma,4
1984,females,85+,Non-Hodgkin lymphoma,25
1984,males,15–24,Hodgkin lymphoma,37
1984,males,15–24,Non-Hodgkin lymphoma,26
1984,males,25–34,Hodgkin lymphoma,45
1984,males,25–34,Non-Hodgkin lymphoma,32
1984,males,35–44,Hodgkin lymphoma,22
1984,males,35–44,Non-Hodgkin lymphoma,72
1984,males,45–54,Hodgkin lymphoma,20
1984,males,45–54,Non-Hodgkin lymphoma,122
1984,males,55–64,Hodgkin lymphoma,18
1984,males,55–64,Non-Hodgkin lymphoma,195
1984,males,5–14,Hodgkin lymphoma,5
1984,males,5–14,Non-Hodgkin lymphoma,17
1984,males,65–74,Hodgkin lymphoma,25
1984,males,65–74,Non-Hodgkin lymphoma,209
1984,males,75–84,Hodgkin lymphoma,12
1984,males,75–84,Non-Hodgkin lymphoma,129
1984,males,85+,Hodgkin lymphoma,1
1984,males,85+,Non-Hodgkin lymphoma,33
1985,females,15–24,Hodgkin lymphoma,32
1985,females,15–24,Non-Hodgkin lymphoma,9
1985,females,25–34,Hodgkin lymphoma,16
1985,females,25–34,Non-Hodgkin lymphoma,24
1985,females,35–44,Hodgkin lymphoma,8
1985,females,35–44,Non-Hodgkin lymphoma,54
1985,females,45–54,Hodgkin lymphoma,12
1985,females,45–54,Non-Hodgkin lymphoma,93
1985,females,55–64,Hodgkin lymphoma,14
1985,females,55–64,Non-Hodgkin lymphoma,173
1985,females,5–14,Hodgkin lymphoma,7
1985,females,5–14,Non-Hodgkin lymphoma,4
1985,females,65–74,Hodgkin lymphoma,10
1985,females,65–74,Non-Hodgkin lymphoma,220
1985,females,75–84,Hodgkin lymphoma,9
1985,females,75–84,Non-Hodgkin lymphoma,153
1985,females,85+,Hodgkin lymphoma,2
1985,females,85+,Non-Hodgkin lymphoma,31
1985,males,15–24,Hodgkin lymphoma,36
1985,males,15–24,Non-Hodgkin lymphoma,26
1985,males,25–34,Hodgkin lymphoma,45
1985,males,25–34,Non-Hodgkin lymphoma,42
1985,males,35–44,Hodgkin lymphoma,33
1985,males,35–44,Non-Hodgkin lymphoma,82
1985,males,45–54,Hodgkin lymphoma,12
1985,males,45–54,Non-Hodgkin lymphoma,107
1985,males,55–64,Hodgkin lymphoma,19
1985,males,55–64,Non-Hodgkin lymphoma,199
1985,males,5–14,Hodgkin lymphoma,8
1985,males,5–14,Non-Hodgkin lymphoma,12
1985,males,65–74,Hodgkin lymphoma,17
1985,males,65–74,Non-Hodgkin lymphoma,270
1985,males,75–84,Hodgkin lymphoma,7
1985,males,75–84,Non-Hodgkin lymphoma,148
1985,males,85+,Hodgkin lymphoma,0
1985,males,85+,Non-Hodgkin lymphoma,22
1986,females,15–24,Hodgkin lymphoma,34
1986,females,15–24,Non-Hodgkin lymphoma,13
1986,females,25–34,Hodgkin lymphoma,29
1986,females,25–34,Non-Hodgkin lymphoma,34
1986,females,35–44,Hodgkin lymphoma,12
1986,females,35–44,Non-Hodgkin lymphoma,67
1986,females,45–54,Hodgkin lymphoma,12
1986,females,45–54,Non-Hodgkin lymphoma,82
1986,females,55–64,Hodgkin lymphoma,16
1986,females,55–64,Non-Hodgkin lymphoma,164
1986,females,5–14,Hodgkin lymphoma,6
1986,females,5–14,Non-Hodgkin lymphoma,6
1986,females,65–74,Hodgkin lymphoma,14
1986,females,65–74,Non-Hodgkin lymphoma,206
1986,females,75–84,Hodgkin lymphoma,13
1986,females,75–84,Non-Hodgkin lymphoma,158
1986,females,85+,Hodgkin lymphoma,2
1986,females,85+,Non-Hodgkin lymphoma,55
1986,males,15–24,Hodgkin lymphoma,39
1986,males,15–24,Non-Hodgkin lymphoma,19
1986,males,25–34,Hodgkin lymphoma,36
1986,males,25–34,Non-Hodgkin lymphoma,31
1986,males,35–44,Hodgkin lymphoma,18
1986,males,35–44,Non-Hodgkin lymphoma,90
1986,males,45–54,Hodgkin lymphoma,17
1986,males,45–54,Non-Hodgkin lymphoma,118
1986,males,55–64,Hodgkin lymphoma,25
1986,males,55–64,Non-Hodgkin lymphoma,224
1986,males,5–14,Hodgkin lymphoma,14
1986,males,5–14,Non-Hodgkin lymphoma,17
1986,males,65–74,Hodgkin lymphoma,20
1986,males,65–74,Non-Hodgkin lymphoma,250
1986,males,75–84,Hodgkin lymphoma,13
1986,males,75–84,Non-Hodgkin lymphoma,161
1986,males,85+,Hodgkin lymphoma,3
1986,males,85+,Non-Hodgkin lymphoma,32
1987,females,15–24,Hodgkin lymphoma,28
1987,females,15–24,Non-Hodgkin lymphoma,10
1987,females,25–34,Hodgkin lymphoma,38
1987,females,25–34,Non-Hodgkin lymphoma,29
1987,females,35–44,Hodgkin lymphoma,21
1987,females,35–44,Non-Hodgkin lymphoma,65
1987,females,45–54,Hodgkin lymphoma,9
1987,females,45–54,Non-Hodgkin lymphoma,108
1987,females,55–64,Hodgkin lymphoma,13
1987,females,55–64,Non-Hodgkin lymphoma,172
1987,females,5–14,Hodgkin lymphoma,3
1987,females,5–14,Non-Hodgkin lymphoma,11
1987,females,65–74,Hodgkin lymphoma,15
1987,females,65–74,Non-Hodgkin lymphoma,263
1987,females,75–84,Hodgkin lymphoma,8
1987,females,75–84,Non-Hodgkin lymphoma,188
1987,females,85+,Hodgkin lymphoma,3
1987,females,85+,Non-Hodgkin lymphoma,57
1987,males,15–24,Hodgkin lymphoma,29
1987,males,15–24,Non-Hodgkin lymphoma,19
1987,males,25–34,Hodgkin lymphoma,42
1987,males,25–34,Non-Hodgkin lymphoma,56
1987,males,35–44,Hodgkin lymphoma,22
1987,males,35–44,Non-Hodgkin lymphoma,107
1987,males,45–54,Hodgkin lymphoma,18
1987,males,45–54,Non-Hodgkin lymphoma,129
1987,males,55–64,Hodgkin lymphoma,27
1987,males,55–64,Non-Hodgkin lymphoma,186
1987,males,5–14,Hodgkin lymphoma,10
1987,males,5–14,Non-Hodgkin lymphoma,26
1987,males,65–74,Hodgkin lymphoma,19
1987,males,65–74,Non-Hodgkin lymphoma,332
1987,males,75–84,Hodgkin lymphoma,12
1987,males,75–84,Non-Hodgkin lymphoma,181
1987,males,85+,Hodgkin lymphoma,3
1987,males,85+,Non-Hodgkin lymphoma,39
1988,females,15–24,Hodgkin lymphoma,37
1988,females,15–24,Non-Hodgkin lymphoma,14
1988,females,25–34,Hodgkin lymphoma,25
1988,females,25–34,Non-Hodgkin lymphoma,32
1988,females,35–44,Hodgkin lymphoma,20
1988,females,35–44,Non-Hodgkin lymphoma,65
1988,females,45–54,Hodgkin lymphoma,9
1988,females,45–54,Non-Hodgkin lymphoma,86
1988,females,55–64,Hodgkin lymphoma,11
1988,females,55–64,Non-Hodgkin lymphoma,187
1988,females,5–14,Hodgkin lymphoma,5
1988,females,5–14,Non-Hodgkin lymphoma,9
1988,females,65–74,Hodgkin lymphoma,17
1988,females,65–74,Non-Hodgkin lymphoma,277
1988,females,75–84,Hodgkin lymphoma,12
1988,females,75–84,Non-Hodgkin lymphoma,177
1988,females,85+,Hodgkin lymphoma,3
1988,females,85+,Non-Hodgkin lymphoma,41
1988,males,15–24,Hodgkin lymphoma,39
1988,males,15–24,Non-Hodgkin lymphoma,30
1988,males,25–34,Hodgkin lymphoma,46
1988,males,25–34,Non-Hodgkin lymphoma,70
1988,males,35–44,Hodgkin lymphoma,28
1988,males,35–44,Non-Hodgkin lymphoma,94
1988,males,45–54,Hodgkin lymphoma,20
1988,males,45–54,Non-Hodgkin lymphoma,123
1988,males,55–64,Hodgkin lymphoma,29
1988,males,55–64,Non-Hodgkin lymphoma,236
1988,males,5–14,Hodgkin lymphoma,12
1988,males,5–14,Non-Hodgkin lymphoma,29
1988,males,65–74,Hodgkin lymphoma,17
1988,males,65–74,Non-Hodgkin lymphoma,279
1988,males,75–84,Hodgkin lymphoma,19
1988,males,75–84,Non-Hodgkin lymphoma,172
1988,males,85+,Hodgkin lymphoma,0
1988,males,85+,Non-Hodgkin lymphoma,33
1989,females,15–24,Hodgkin lymphoma,40
1989,females,15–24,Non-Hodgkin lymphoma,12
1989,females,25–34,Hodgkin lymphoma,31
1989,females,25–34,Non-Hodgkin lymphoma,23
1989,females,35–44,Hodgkin lymphoma,17
1989,females,35–44,Non-Hodgkin lymphoma,84
1989,females,45–54,Hodgkin lymphoma,9
1989,females,45–54,Non-Hodgkin lymphoma,108
1989,females,55–64,Hodgkin lymphoma,11
1989,females,55–64,Non-Hodgkin lymphoma,178
1989,females,5–14,Hodgkin lymphoma,3
1989,females,5–14,Non-Hodgkin lymphoma,8
1989,females,65–74,Hodgkin lymphoma,19
1989,females,65–74,Non-Hodgkin lymphoma,276
1989,females,75–84,Hodgkin lymphoma,13
1989,females,75–84,Non-Hodgkin lymphoma,220
1989,females,85+,Hodgkin lymphoma,5
1989,females,85+,Non-Hodgkin lymphoma,55
1989,males,15–24,Hodgkin lymphoma,35
1989,males,15–24,Non-Hodgkin lymphoma,19
1989,males,25–34,Hodgkin lymphoma,37
1989,males,25–34,Non-Hodgkin lymphoma,45
1989,males,35–44,Hodgkin lymphoma,36
1989,males,35–44,Non-Hodgkin lymphoma,128
1989,males,45–54,Hodgkin lymphoma,20
1989,males,45–54,Non-Hodgkin lymphoma,129
1989,males,55–64,Hodgkin lymphoma,16
1989,males,55–64,Non-Hodgkin lymphoma,242
1989,males,5–14,Hodgkin lymphoma,18
1989,males,5–14,Non-Hodgkin lymphoma,24
1989,males,65–74,Hodgkin lymphoma,14
1989,males,65–74,Non-Hodgkin lymphoma,297
1989,males,75–84,Hodgkin lymphoma,11
1989,males,75–84,Non-Hodgkin lymphoma,213
1989,males,85+,Hodgkin lymphoma,2
1989,males,85+,Non-Hodgkin lymphoma,45
1990,females,15–24,Hodgkin lymphoma,42
1990,females,15–24,Non-Hodgkin lymphoma,11
1990,females,25–34,Hodgkin lymphoma,34
1990,females,25–34,Non-Hodgkin lymphoma,38
1990,females,35–44,Hodgkin lymphoma,20
1990,females,35–44,Non-Hodgkin lymphoma,73
1990,females,45–54,Hodgkin lymphoma,12
1990,females,45–54,Non-Hodgkin lymphoma,114
1990,females,55–64,Hodgkin lymphoma,10
1990,females,55–64,Non-Hodgkin lymphoma,181
1990,females,5–14,Hodgkin lymphoma,4
1990,females,5–14,Non-Hodgkin lymphoma,9
1990,females,65–74,Hodgkin lymphoma,11
1990,females,65–74,Non-Hodgkin lymphoma,274
1990,females,75–84,Hodgkin lymphoma,13
1990,females,75–84,Non-Hodgkin lymphoma,219
1990,females,85+,Hodgkin lymphoma,2
1990,females,85+,Non-Hodgkin lymphoma,60
1990,males,15–24,Hodgkin lymphoma,42
1990,males,15–24,Non-Hodgkin lymphoma,24
1990,males,25–34,Hodgkin lymphoma,37
1990,males,25–34,Non-Hodgkin lymphoma,77
1990,males,35–44,Hodgkin lymphoma,38
1990,males,35–44,Non-Hodgkin lymphoma,129
1990,males,45–54,Hodgkin lymphoma,29
1990,males,45–54,Non-Hodgkin lymphoma,186
1990,males,55–64,Hodgkin lymphoma,28
1990,males,55–64,Non-Hodgkin lymphoma,241
1990,males,5–14,Hodgkin lymphoma,17
1990,males,5–14,Non-Hodgkin lymphoma,24
1990,males,65–74,Hodgkin lymphoma,15
1990,males,65–74,Non-Hodgkin lymphoma,323
1990,males,75–84,Hodgkin lymphoma,10
1990,males,75–84,Non-Hodgkin lymphoma,209
1990,males,85+,Hodgkin lymphoma,1
1990,males,85+,Non-Hodgkin lymphoma,47
1991,females,15–24,Hodgkin lymphoma,41
1991,females,15–24,Non-Hodgkin lymphoma,14
1991,females,25–34,Hodgkin lymphoma,32
1991,females,25–34,Non-Hodgkin lymphoma,35
1991,females,35–44,Hodgkin lymphoma,17
1991,females,35–44,Non-Hodgkin lymphoma,78
1991,females,45–54,Hodgkin lymphoma,8
1991,females,45–54,Non-Hodgkin lymphoma,106
1991,females,55–64,Hodgkin lymphoma,8
1991,females,55–64,Non-Hodgkin lymphoma,204
1991,females,5–14,Hodgkin lymphoma,2
1991,females,5–14,Non-Hodgkin lymphoma,9
1991,females,65–74,Hodgkin lymphoma,17
1991,females,65–74,Non-Hodgkin lymphoma,321
1991,females,75–84,Hodgkin lymphoma,13
1991,females,75–84,Non-Hodgkin lymphoma,263
1991,females,85+,Hodgkin lymphoma,2
1991,females,85+,Non-Hodgkin lymphoma,59
1991,males,15–24,Hodgkin lymphoma,39
1991,males,15–24,Non-Hodgkin lymphoma,27
1991,males,25–34,Hodgkin lymphoma,40
1991,males,25–34,Non-Hodgkin lymphoma,84
1991,males,35–44,Hodgkin lymphoma,18
1991,males,35–44,Non-Hodgkin lymphoma,154
1991,males,45–54,Hodgkin lymphoma,17
1991,males,45–54,Non-Hodgkin lymphoma,162
1991,males,55–64,Hodgkin lymphoma,14
1991,males,55–64,Non-Hodgkin lymphoma,235
1991,males,5–14,Hodgkin lymphoma,15
1991,males,5–14,Non-Hodgkin lymphoma,22
1991,males,65–74,Hodgkin lymphoma,22
1991,males,65–74,Non-Hodgkin lymphoma,340
1991,males,75–84,Hodgkin lymphoma,7
1991,males,75–84,Non-Hodgkin lymphoma,236
1991,males,85+,Hodgkin lymphoma,1
1991,males,85+,Non-Hodgkin lymphoma,57
1992,females,15–24,Hodgkin lymphoma,46
1992,females,15–24,Non-Hodgkin lymphoma,14
1992,females,25–34,Hodgkin lymphoma,41
1992,females,25–34,Non-Hodgkin lymphoma,48
1992,females,35–44,Hodgkin lymphoma,20
1992,females,35–44,Non-Hodgkin lymphoma,88
1992,females,45–54,Hodgkin lymphoma,8
1992,females,45–54,Non-Hodgkin lymphoma,136
1992,females,55–64,Hodgkin lymphoma,16
1992,females,55–64,Non-Hodgkin lymphoma,199
1992,females,5–14,Hodgkin lymphoma,10
1992,females,5–14,Non-Hodgkin lymphoma,10
1992,females,65–74,Hodgkin lymphoma,18
1992,females,65–74,Non-Hodgkin lymphoma,304
1992,females,75–84,Hodgkin lymphoma,13
1992,females,75–84,Non-Hodgkin lymphoma,273
1992,females,85+,Hodgkin lymphoma,3
1992,females,85+,Non-Hodgkin lymphoma,80
1992,males,15–24,Hodgkin lymphoma,41
1992,males,15–24,Non-Hodgkin lymphoma,24
1992,males,25–34,Hodgkin lymphoma,37
1992,males,25–34,Non-Hodgkin lymphoma,90
1992,males,35–44,Hodgkin lymphoma,31
1992,males,35–44,Non-Hodgkin lymphoma,137
1992,males,45–54,Hodgkin lymphoma,19
1992,males,45–54,Non-Hodgkin lymphoma,208
1992,males,55–64,Hodgkin lymphoma,15
1992,males,55–64,Non-Hodgkin lymphoma,262
1992,males,5–14,Hodgkin lymphoma,13
1992,males,5–14,Non-Hodgkin lymphoma,24
1992,males,65–74,Hodgkin lymphoma,22
1992,males,65–74,Non-Hodgkin lymphoma,368
1992,males,75–84,Hodgkin lymphoma,13
1992,males,75–84,Non-Hodgkin lymphoma,259
1992,males,85+,Hodgkin lymphoma,1
1992,males,85+,Non-Hodgkin lymphoma,56
1993,females,15–24,Hodgkin lymphoma,34
1993,females,15–24,Non-Hodgkin lymphoma,16
1993,females,25–34,Hodgkin lymphoma,37
1993,females,25–34,Non-Hodgkin lymphoma,38
1993,females,35–44,Hodgkin lymphoma,14
1993,females,35–44,Non-Hodgkin lymphoma,81
1993,females,45–54,Hodgkin lymphoma,11
1993,females,45–54,Non-Hodgkin lymphoma,144
1993,females,55–64,Hodgkin lymphoma,11
1993,females,55–64,Non-Hodgkin lymphoma,198
1993,females,5–14,Hodgkin lymphoma,11
1993,females,5–14,Non-Hodgkin lymphoma,11
1993,females,65–74,Hodgkin lymphoma,22
1993,females,65–74,Non-Hodgkin lymphoma,301
1993,females,75–84,Hodgkin lymphoma,14
1993,females,75–84,Non-Hodgkin lymphoma,280
1993,females,85+,Hodgkin lymphoma,3
1993,females,85+,Non-Hodgkin lymphoma,80
1993,males,15–24,Hodgkin lymphoma,35
1993,males,15–24,Non-Hodgkin lymphoma,29
1993,males,25–34,Hodgkin lymphoma,47
1993,males,25–34,Non-Hodgkin lymphoma,83
1993,males,35–44,Hodgkin lymphoma,27
1993,males,35–44,Non-Hodgkin lymphoma,157
1993,males,45–54,Hodgkin lymphoma,22
1993,males,45–54,Non-Hodgkin lymphoma,213
1993,males,55–64,Hodgkin lymphoma,21
1993,males,55–64,Non-Hodgkin lymphoma,287
1993,males,5–14,Hodgkin lymphoma,16
1993,males,5–14,Non-Hodgkin lymphoma,31
1993,males,65–74,Hodgkin lymphoma,18
1993,males,65–74,Non-Hodgkin lymphoma,360
1993,males,75–84,Hodgkin lymphoma,7
1993,males,75–84,Non-Hodgkin lymphoma,262
1993,males,85+,Hodgkin lymphoma,2
1993,males,85+,Non-Hodgkin lymphoma,56
1994,females,15–24,Hodgkin lymphoma,41
1994,females,15–24,Non-Hodgkin lymphoma,17
1994,females,25–34,Hodgkin lymphoma,32
1994,females,25–34,Non-Hodgkin lymphoma,36
1994,females,35–44,Hodgkin lymphoma,23
1994,females,35–44,Non-Hodgkin lymphoma,94
1994,females,45–54,Hodgkin lymphoma,10
1994,females,45–54,Non-Hodgkin lymphoma,162
1994,females,55–64,Hodgkin lymphoma,13
1994,females,55–64,Non-Hodgkin lymphoma,225
1994,females,5–14,Hodgkin lymphoma,6
1994,females,5–14,Non-Hodgkin lymphoma,8
1994,females,65–74,Hodgkin lymphoma,20
1994,females,65–74,Non-Hodgkin lymphoma,318
1994,females,75–84,Hodgkin lymphoma,12
1994,females,75–84,Non-Hodgkin lymphoma,297
1994,females,85+,Hodgkin lymphoma,2
1994,females,85+,Non-Hodgkin lymphoma,81
1994,males,15–24,Hodgkin lymphoma,32
1994,males,15–24,Non-Hodgkin lymphoma,28
1994,males,25–34,Hodgkin lymphoma,34
1994,males,25–34,Non-Hodgkin lymphoma,64
1994,males,35–44,Hodgkin lymphoma,31
1994,males,35–44,Non-Hodgkin lymphoma,147
1994,males,45–54,Hodgkin lymphoma,28
1994,males,45–54,Non-Hodgkin lymphoma,229
1994,males,55–64,Hodgkin lymphoma,20
1994,males,55–64,Non-Hodgkin lymphoma,257
1994,males,5–14,Hodgkin lymphoma,13
1994,males,5–14,Non-Hodgkin lymphoma,27
1994,males,65–74,Hodgkin lymphoma,29
1994,males,65–74,Non-Hodgkin lymphoma,383
1994,males,75–84,Hodgkin lymphoma,10
1994,males,75–84,Non-Hodgkin lymphoma,261
1994,males,85+,Hodgkin lymphoma,2
1994,males,85+,Non-Hodgkin lymphoma,49
1995,females,15–24,Hodgkin lymphoma,47
1995,females,15–24,Non-Hodgkin lymphoma,27
1995,females,25–34,Hodgkin lymphoma,38
1995,females,25–34,Non-Hodgkin lymphoma,34
1995,females,35–44,Hodgkin lymphoma,23
1995,females,35–44,Non-Hodgkin lymphoma,78
1995,females,45–54,Hodgkin lymphoma,13
1995,females,45–54,Non-Hodgkin lymphoma,176
1995,females,55–64,Hodgkin lymphoma,10
1995,females,55–64,Non-Hodgkin lymphoma,239
1995,females,5–14,Hodgkin lymphoma,5
1995,females,5–14,Non-Hodgkin lymphoma,10
1995,females,65–74,Hodgkin lymphoma,11
1995,females,65–74,Non-Hodgkin lymphoma,347
1995,females,75–84,Hodgkin lymphoma,6
1995,females,75–84,Non-Hodgkin lymphoma,327
1995,females,85+,Hodgkin lymphoma,1
1995,females,85+,Non-Hodgkin lymphoma,98
1995,males,15–24,Hodgkin lymphoma,32
1995,males,15–24,Non-Hodgkin lymphoma,29
1995,males,25–34,Hodgkin lymphoma,35
1995,males,25–34,Non-Hodgkin lymphoma,87
1995,males,35–44,Hodgkin lymphoma,37
1995,males,35–44,Non-Hodgkin lymphoma,149
1995,males,45–54,Hodgkin lymphoma,19
1995,males,45–54,Non-Hodgkin lymphoma,223
1995,males,55–64,Hodgkin lymphoma,15
1995,males,55–64,Non-Hodgkin lymphoma,269
1995,males,5–14,Hodgkin lymphoma,14
1995,males,5–14,Non-Hodgkin lymphoma,24
1995,males,65–74,Hodgkin lymphoma,21
1995,males,65–74,Non-Hodgkin lymphoma,389
1995,males,75–84,Hodgkin lymphoma,10
1995,males,75–84,Non-Hodgkin lymphoma,248
1995,males,85+,Hodgkin lymphoma,2
1995,males,85+,Non-Hodgkin lymphoma,50
1996,females,15–24,Hodgkin lymphoma,49
1996,females,15–24,Non-Hodgkin lymphoma,19
1996,females,25–34,Hodgkin lymphoma,34
1996,females,25–34,Non-Hodgkin lymphoma,28
1996,females,35–44,Hodgkin lymphoma,22
1996,females,35–44,Non-Hodgkin lymphoma,90
1996,females,45–54,Hodgkin lymphoma,16
1996,females,45–54,Non-Hodgkin lymphoma,196
1996,females,55–64,Hodgkin lymphoma,10
1996,females,55–64,Non-Hodgkin lymphoma,213
1996,females,5–14,Hodgkin lymphoma,6
1996,females,5–14,Non-Hodgkin lymphoma,10
1996,females,65–74,Hodgkin lymphoma,15
1996,females,65–74,Non-Hodgkin lymphoma,381
1996,females,75–84,Hodgkin lymphoma,11
1996,females,75–84,Non-Hodgkin lymphoma,316
1996,females,85+,Hodgkin lymphoma,3
1996,females,85+,Non-Hodgkin lymphoma,84
1996,males,15–24,Hodgkin lymphoma,51
1996,males,15–24,Non-Hodgkin lymphoma,34
1996,males,25–34,Hodgkin lymphoma,36
1996,males,25–34,Non-Hodgkin lymphoma,91
1996,males,35–44,Hodgkin lymphoma,31
1996,males,35–44,Non-Hodgkin lymphoma,149
1996,males,45–54,Hodgkin lymphoma,34
1996,males,45–54,Non-Hodgkin lymphoma,223
1996,males,55–64,Hodgkin lymphoma,18
1996,males,55–64,Non-Hodgkin lymphoma,301
1996,males,5–14,Hodgkin lymphoma,15
1996,males,5–14,Non-Hodgkin lymphoma,26
1996,males,65–74,Hodgkin lymphoma,22
1996,males,65–74,Non-Hodgkin lymphoma,420
1996,males,75–84,Hodgkin lymphoma,18
1996,males,75–84,Non-Hodgkin lymphoma,304
1996,males,85+,Hodgkin lymphoma,0
1996,males,85+,Non-Hodgkin lymphoma,75
1997,females,15–24,Hodgkin lymphoma,39
1997,females,15–24,Non-Hodgkin lymphoma,18
1997,females,25–34,Hodgkin lymphoma,51
1997,females,25–34,Non-Hodgkin lymphoma,33
1997,females,35–44,Hodgkin lymphoma,24
1997,females,35–44,Non-Hodgkin lymphoma,88
1997,females,45–54,Hodgkin lymphoma,15
1997,females,45–54,Non-Hodgkin lymphoma,194
1997,females,55–64,Hodgkin lymphoma,20
1997,females,55–64,Non-Hodgkin lymphoma,224
1997,females,5–14,Hodgkin lymphoma,13
1997,females,5–14,Non-Hodgkin lymphoma,13
1997,females,65–74,Hodgkin lymphoma,17
1997,females,65–74,Non-Hodgkin lymphoma,364
1997,females,75–84,Hodgkin lymphoma,12
1997,females,75–84,Non-Hodgkin lymphoma,337
1997,females,85+,Hodgkin lymphoma,1
1997,females,85+,Non-Hodgkin lymphoma,118
1997,males,15–24,Hodgkin lymphoma,42
1997,males,15–24,Non-Hodgkin lymphoma,32
1997,males,25–34,Hodgkin lymphoma,54
1997,males,25–34,Non-Hodgkin lymphoma,68
1997,males,35–44,Hodgkin lymphoma,37
1997,males,35–44,Non-Hodgkin lymphoma,130
1997,males,45–54,Hodgkin lymphoma,18
1997,males,45–54,Non-Hodgkin lymphoma,229
1997,males,55–64,Hodgkin lymphoma,18
1997,males,55–64,Non-Hodgkin lymphoma,311
1997,males,5–14,Hodgkin lymphoma,9
1997,males,5–14,Non-Hodgkin lymphoma,28
1997,males,65–74,Hodgkin lymphoma,18
1997,males,65–74,Non-Hodgkin lymphoma,431
1997,males,75–84,Hodgkin lymphoma,8
1997,males,75–84,Non-Hodgkin lymphoma,309
1997,males,85+,Hodgkin lymphoma,3
1997,males,85+,Non-Hodgkin lymphoma,94
1998,females,15–24,Hodgkin lymphoma,36
1998,females,15–24,Non-Hodgkin lymphoma,11
1998,females,25–34,Hodgkin lymphoma,42
1998,females,25–34,Non-Hodgkin lymphoma,44
1998,females,35–44,Hodgkin lymphoma,24
1998,females,35–44,Non-Hodgkin lymphoma,93
1998,females,45–54,Hodgkin lymphoma,21
1998,females,45–54,Non-Hodgkin lymphoma,187
1998,females,55–64,Hodgkin lymphoma,14
1998,females,55–64,Non-Hodgkin lymphoma,221
1998,females,5–14,Hodgkin lymphoma,8
1998,females,5–14,Non-Hodgkin lymphoma,6
1998,females,65–74,Hodgkin lymphoma,20
1998,females,65–74,Non-Hodgkin lymphoma,346
1998,females,75–84,Hodgkin lymphoma,9
1998,females,75–84,Non-Hodgkin lymphoma,362
1998,females,85+,Hodgkin lymphoma,3
1998,females,85+,Non-Hodgkin lymphoma,117
1998,males,15–24,Hodgkin lymphoma,36
1998,males,15–24,Non-Hodgkin lymphoma,39
1998,males,25–34,Hodgkin lymphoma,57
1998,males,25–34,Non-Hodgkin lymphoma,57
1998,males,35–44,Hodgkin lymphoma,28
1998,males,35–44,Non-Hodgkin lymphoma,149
1998,males,45–54,Hodgkin lymphoma,29
1998,males,45–54,Non-Hodgkin lymphoma,228
1998,males,55–64,Hodgkin lymphoma,13
1998,males,55–64,Non-Hodgkin lymphoma,286
1998,males,5–14,Hodgkin lymphoma,19
1998,males,5–14,Non-Hodgkin lymphoma,31
1998,males,65–74,Hodgkin lymphoma,26
1998,males,65–74,Non-Hodgkin lymphoma,440
1998,males,75–84,Hodgkin lymphoma,7
1998,males,75–84,Non-Hodgkin lymphoma,320
1998,males,85+,Hodgkin lymphoma,2
1998,males,85+,Non-Hodgkin lymphoma,81
1999,females,15–24,Hodgkin lymphoma,43
1999,females,15–24,Non-Hodgkin lymphoma,17
1999,females,25–34,Hodgkin lymphoma,54
1999,females,25–34,Non-Hodgkin lymphoma,37
1999,females,35–44,Hodgkin lymphoma,27
1999,females,35–44,Non-Hodgkin lymphoma,87
1999,females,45–54,Hodgkin lymphoma,19
1999,females,45–54,Non-Hodgkin lymphoma,173
1999,females,55–64,Hodgkin lymphoma,5
1999,females,55–64,Non-Hodgkin lymphoma,259
1999,females,5–14,Hodgkin lymphoma,3
1999,females,5–14,Non-Hodgkin lymphoma,13
1999,females,65–74,Hodgkin lymphoma,14
1999,females,65–74,Non-Hodgkin lymphoma,355
1999,females,75–84,Hodgkin lymphoma,14
1999,females,75–84,Non-Hodgkin lymphoma,387
1999,females,85+,Hodgkin lymphoma,2
1999,females,85+,Non-Hodgkin lymphoma,157
1999,males,15–24,Hodgkin lymphoma,41
1999,males,15–24,Non-Hodgkin lymphoma,33
1999,males,25–34,Hodgkin lymphoma,56
1999,males,25–34,Non-Hodgkin lymphoma,52
1999,males,35–44,Hodgkin lymphoma,44
1999,males,35–44,Non-Hodgkin lymphoma,129
1999,males,45–54,Hodgkin lymphoma,25
1999,males,45–54,Non-Hodgkin lymphoma,254
1999,males,55–64,Hodgkin lymphoma,15
1999,males,55–64,Non-Hodgkin lymphoma,321
1999,males,5–14,Hodgkin lymphoma,17
1999,males,5–14,Non-Hodgkin lymphoma,22
1999,males,65–74,Hodgkin lymphoma,23
1999,males,65–74,Non-Hodgkin lymphoma,435
1999,males,75–84,Hodgkin lymphoma,13
1999,males,75–84,Non-Hodgkin lymphoma,363
1999,males,85+,Hodgkin lymphoma,4
1999,males,85+,Non-Hodgkin lymphoma,88
2000,females,15–24,Hodgkin lymphoma,49
2000,females,15–24,Non-Hodgkin lymphoma,14
2000,females,25–34,Hodgkin lymphoma,40
2000,females,25–34,Non-Hodgkin lymphoma,39
2000,females,35–44,Hodgkin lymphoma,32
2000,females,35–44,Non-Hodgkin lymphoma,96
2000,females,45–54,Hodgkin lymphoma,10
2000,females,45–54,Non-Hodgkin lymphoma,180
2000,females,55–64,Hodgkin lymphoma,12
2000,females,55–64,Non-Hodgkin lymphoma,291
2000,females,5–14,Hodgkin lymphoma,9
2000,females,5–14,Non-Hodgkin lymphoma,14
2000,females,65–74,Hodgkin lymphoma,17
2000,females,65–74,Non-Hodgkin lymphoma,355
2000,females,75–84,Hodgkin lymphoma,18
2000,females,75–84,Non-Hodgkin lymphoma,402
2000,females,85+,Hodgkin lymphoma,4
2000,females,85+,Non-Hodgkin lymphoma,166
2000,males,15–24,Hodgkin lymphoma,50
2000,males,15–24,Non-Hodgkin lymphoma,36
2000,males,25–34,Hodgkin lymphoma,50
2000,males,25–34,Non-Hodgkin lymphoma,73
2000,males,35–44,Hodgkin lymphoma,34
2000,males,35–44,Non-Hodgkin lymphoma,141
2000,males,45–54,Hodgkin lymphoma,31
2000,males,45–54,Non-Hodgkin lymphoma,260
2000,males,55–64,Hodgkin lymphoma,22
2000,males,55–64,Non-Hodgkin lymphoma,355
2000,males,5–14,Hodgkin lymphoma,16
2000,males,5–14,Non-Hodgkin lymphoma,22
2000,males,65–74,Hodgkin lymphoma,19
2000,males,65–74,Non-Hodgkin lymphoma,445
2000,males,75–84,Hodgkin lymphoma,11
2000,males,75–84,Non-Hodgkin lymphoma,385
2000,males,85+,Hodgkin lymphoma,2
2000,males,85+,Non-Hodgkin lymphoma,94
2001,females,15–24,Hodgkin lymphoma,47
2001,females,15–24,Non-Hodgkin lymphoma,23
2001,females,25–34,Hodgkin lymphoma,38
2001,females,25–34,Non-Hodgkin lymphoma,30
2001,females,35–44,Hodgkin lymphoma,29
2001,females,35–44,Non-Hodgkin lymphoma,77
2001,females,45–54,Hodgkin lymphoma,20
2001,females,45–54,Non-Hodgkin lymphoma,215
2001,females,55–64,Hodgkin lymphoma,11
2001,females,55–64,Non-Hodgkin lymphoma,267
2001,females,5–14,Hodgkin lymphoma,9
2001,females,5–14,Non-Hodgkin lymphoma,13
2001,females,65–74,Hodgkin lymphoma,12
2001,females,65–74,Non-Hodgkin lymphoma,373
2001,females,75–84,Hodgkin lymphoma,15
2001,females,75–84,Non-Hodgkin lymphoma,379
2001,females,85+,Hodgkin lymphoma,6
2001,females,85+,Non-Hodgkin lymphoma,145
2001,males,15–24,Hodgkin lymphoma,50
2001,males,15–24,Non-Hodgkin lymphoma,33
2001,males,25–34,Hodgkin lymphoma,35
2001,males,25–34,Non-Hodgkin lymphoma,66
2001,males,35–44,Hodgkin lymphoma,36
2001,males,35–44,Non-Hodgkin lymphoma,141
2001,males,45–54,Hodgkin lymphoma,27
2001,males,45–54,Non-Hodgkin lymphoma,291
2001,males,55–64,Hodgkin lymphoma,29
2001,males,55–64,Non-Hodgkin lymphoma,370
2001,males,5–14,Hodgkin lymphoma,19
2001,males,5–14,Non-Hodgkin lymphoma,25
2001,males,65–74,Hodgkin lymphoma,19
2001,males,65–74,Non-Hodgkin lymphoma,469
2001,males,75–84,Hodgkin lymphoma,7
2001,males,75–84,Non-Hodgkin lymphoma,372
2001,males,85+,Hodgkin lymphoma,1
2001,males,85+,Non-Hodgkin lymphoma,93
2002,females,15–24,Hodgkin lymphoma,53
2002,females,15–24,Non-Hodgkin lymphoma,18
2002,females,25–34,Hodgkin lymphoma,43
2002,females,25–34,Non-Hodgkin lymphoma,41
2002,females,35–44,Hodgkin lymphoma,24
2002,females,35–44,Non-Hodgkin lymphoma,100
2002,females,45–54,Hodgkin lymphoma,24
2002,females,45–54,Non-Hodgkin lymphoma,223
2002,females,55–64,Hodgkin lymphoma,16
2002,females,55–64,Non-Hodgkin lymphoma,293
2002,females,5–14,Hodgkin lymphoma,9
2002,females,5–14,Non-Hodgkin lymphoma,7
2002,females,65–74,Hodgkin lymphoma,19
2002,females,65–74,Non-Hodgkin lymphoma,400
2002,females,75–84,Hodgkin lymphoma,19
2002,females,75–84,Non-Hodgkin lymphoma,395
2002,females,85+,Hodgkin lymphoma,3
2002,females,85+,Non-Hodgkin lymphoma,148
2002,males,15–24,Hodgkin lymphoma,43
2002,males,15–24,Non-Hodgkin lymphoma,33
2002,males,25–34,Hodgkin lymphoma,59
2002,males,25–34,Non-Hodgkin lymphoma,63
2002,males,35–44,Hodgkin lymphoma,32
2002,males,35–44,Non-Hodgkin lymphoma,132
2002,males,45–54,Hodgkin lymphoma,26
2002,males,45–54,Non-Hodgkin lymphoma,275
2002,males,55–64,Hodgkin lymphoma,37
2002,males,55–64,Non-Hodgkin lymphoma,411
2002,males,5–14,Hodgkin lymphoma,16
2002,males,5–14,Non-Hodgkin lymphoma,19
2002,males,65–74,Hodgkin lymphoma,30
2002,males,65–74,Non-Hodgkin lymphoma,479
2002,males,75–84,Hodgkin lymphoma,20
2002,males,75–84,Non-Hodgkin lymphoma,421
2002,males,85+,Hodgkin lymphoma,3
2002,males,85+,Non-Hodgkin lymphoma,117
2003,females,15–24,Hodgkin lymphoma,39
2003,females,15–24,Non-Hodgkin lymphoma,23
2003,females,25–34,Hodgkin lymphoma,40
2003,females,25–34,Non-Hodgkin lymphoma,41
2003,females,35–44,Hodgkin lymphoma,28
2003,females,35–44,Non-Hodgkin lymphoma,88
2003,females,45–54,Hodgkin lymphoma,18
2003,females,45–54,Non-Hodgkin lymphoma,199
2003,females,55–64,Hodgkin lymphoma,15
2003,females,55–64,Non-Hodgkin lymphoma,288
2003,females,5–14,Hodgkin lymphoma,8
2003,females,5–14,Non-Hodgkin lymphoma,6
2003,females,65–74,Hodgkin lymphoma,20
2003,females,65–74,Non-Hodgkin lymphoma,367
2003,females,75–84,Hodgkin lymphoma,18
2003,females,75–84,Non-Hodgkin lymphoma,413
2003,females,85+,Hodgkin lymphoma,3
2003,females,85+,Non-Hodgkin lymphoma,163
2003,males,15–24,Hodgkin lymphoma,54
2003,males,15–24,Non-Hodgkin lymphoma,34
2003,males,25–34,Hodgkin lymphoma,47
2003,males,25–34,Non-Hodgkin lymphoma,73
2003,males,35–44,Hodgkin lymphoma,42
2003,males,35–44,Non-Hodgkin lymphoma,149
2003,males,45–54,Hodgkin lymphoma,22
2003,males,45–54,Non-Hodgkin lymphoma,267
2003,males,55–64,Hodgkin lymphoma,21
2003,males,55–64,Non-Hodgkin lymphoma,433
2003,males,5–14,Hodgkin lymphoma,17
2003,males,5–14,Non-Hodgkin lymphoma,29
2003,males,65–74,Hodgkin lymphoma,27
2003,males,65–74,Non-Hodgkin lymphoma,501
2003,males,75–84,Hodgkin lymphoma,19
2003,males,75–84,Non-Hodgkin lymphoma,436
2003,males,85+,Hodgkin lymphoma,2
2003,males,85+,Non-Hodgkin lymphoma,105
2004,females,15–24,Hodgkin lymphoma,49
2004,females,15–24,Non-Hodgkin lymphoma,25
2004,females,25–34,Hodgkin lymphoma,50
2004,females,25–34,Non-Hodgkin lymphoma,49
2004,females,35–44,Hodgkin lymphoma,31
2004,females,35–44,Non-Hodgkin lymphoma,85
2004,females,45–54,Hodgkin lymphoma,26
2004,females,45–54,Non-Hodgkin lymphoma,211
2004,females,55–64,Hodgkin lymphoma,23
2004,females,55–64,Non-Hodgkin lymphoma,296
2004,females,5–14,Hodgkin lymphoma,10
2004,females,5–14,Non-Hodgkin lymphoma,7
2004,females,65–74,Hodgkin lymphoma,23
2004,females,65–74,Non-Hodgkin lymphoma,372
2004,females,75–84,Hodgkin lymphoma,21
2004,females,75–84,Non-Hodgkin lymphoma,415
2004,females,85+,Hodgkin lymphoma,3
2004,females,85+,Non-Hodgkin lymphoma,164
2004,males,15–24,Hodgkin lymphoma,53
2004,males,15–24,Non-Hodgkin lymphoma,33
2004,males,25–34,Hodgkin lymphoma,36
2004,males,25–34,Non-Hodgkin lymphoma,59
2004,males,35–44,Hodgkin lymphoma,46
2004,males,35–44,Non-Hodgkin lymphoma,161
2004,males,45–54,Hodgkin lymphoma,26
2004,males,45–54,Non-Hodgkin lymphoma,268
2004,males,55–64,Hodgkin lymphoma,18
2004,males,55–64,Non-Hodgkin lymphoma,427
2004,males,5–14,Hodgkin lymphoma,15
2004,males,5–14,Non-Hodgkin lymphoma,31
2004,males,65–74,Hodgkin lymphoma,34
2004,males,65–74,Non-Hodgkin lymphoma,500
2004,males,75–84,Hodgkin lymphoma,17
2004,males,75–84,Non-Hodgkin lymphoma,496
2004,males,85+,Hodgkin lymphoma,2
2004,males,85+,Non-Hodgkin lymphoma,107
2005,females,15–24,Hodgkin lymphoma,59
2005,females,15–24,Non-Hodgkin lymphoma,21
2005,females,25–34,Hodgkin lymphoma,52
2005,females,25–34,Non-Hodgkin lymphoma,37
2005,females,35–44,Hodgkin lymphoma,40
2005,females,35–44,Non-Hodgkin lymphoma,94
2005,females,45–54,Hodgkin lymphoma,21
2005,females,45–54,Non-Hodgkin lymphoma,231
2005,females,55–64,Hodgkin lymphoma,18
2005,females,55–64,Non-Hodgkin lymphoma,331
2005,females,5–14,Hodgkin lymphoma,14
2005,females,5–14,Non-Hodgkin lymphoma,6
2005,females,65–74,Hodgkin lymphoma,21
2005,females,65–74,Non-Hodgkin lymphoma,391
2005,females,75–84,Hodgkin lymphoma,18
2005,females,75–84,Non-Hodgkin lymphoma,485
2005,females,85+,Hodgkin lymphoma,8
2005,females,85+,Non-Hodgkin lymphoma,184
2005,males,15–24,Hodgkin lymphoma,72
2005,males,15–24,Non-Hodgkin lymphoma,45
2005,males,25–34,Hodgkin lymphoma,49
2005,males,25–34,Non-Hodgkin lymphoma,59
2005,males,35–44,Hodgkin lymphoma,42
2005,males,35–44,Non-Hodgkin lymphoma,147
2005,males,45–54,Hodgkin lymphoma,37
2005,males,45–54,Non-Hodgkin lymphoma,266
2005,males,55–64,Hodgkin lymphoma,25
2005,males,55–64,Non-Hodgkin lymphoma,459
2005,males,5–14,Hodgkin lymphoma,11
2005,males,5–14,Non-Hodgkin lymphoma,22
2005,males,65–74,Hodgkin lymphoma,25
2005,males,65–74,Non-Hodgkin lymphoma,507
2005,males,75–84,Hodgkin lymphoma,19
2005,males,75–84,Non-Hodgkin lymphoma,445
2005,males,85+,Hodgkin lymphoma,4
2005,males,85+,Non-Hodgkin lymphoma,119
2006,females,15–24,Hodgkin lymphoma,66
2006,females,15–24,Non-Hodgkin lymphoma,26
2006,females,25–34,Hodgkin lymphoma,49
2006,females,25–34,Non-Hodgkin lymphoma,38
2006,females,35–44,Hodgkin lymphoma,32
2006,females,35–44,Non-Hodgkin lymphoma,97
2006,females,45–54,Hodgkin lymphoma,15
2006,females,45–54,Non-Hodgkin lymphoma,199
2006,females,55–64,Hodgkin lymphoma,26
2006,females,55–64,Non-Hodgkin lymphoma,345
2006,females,5–14,Hodgkin lymphoma,12
2006,females,5–14,Non-Hodgkin lymphoma,7
2006,females,65–74,Hodgkin lymphoma,15
2006,females,65–74,Non-Hodgkin lymphoma,384
2006,females,75–84,Hodgkin lymphoma,17
2006,females,75–84,Non-Hodgkin lymphoma,411
2006,females,85+,Hodgkin lymphoma,4
2006,females,85+,Non-Hodgkin lymphoma,174
2006,males,15–24,Hodgkin lymphoma,63
2006,males,15–24,Non-Hodgkin lymphoma,35
2006,males,25–34,Hodgkin lymphoma,50
2006,males,25–34,Non-Hodgkin lymphoma,50
2006,males,35–44,Hodgkin lymphoma,40
2006,males,35–44,Non-Hodgkin lymphoma,144
2006,males,45–54,Hodgkin lymphoma,25
2006,males,45–54,Non-Hodgkin lymphoma,295
2006,males,55–64,Hodgkin lymphoma,31
2006,males,55–64,Non-Hodgkin lymphoma,483
2006,males,5–14,Hodgkin lymphoma,20
2006,males,5–14,Non-Hodgkin lymphoma,20
2006,males,65–74,Hodgkin lymphoma,28
2006,males,65–74,Non-Hodgkin lymphoma,523
2006,males,75–84,Hodgkin lymphoma,13
2006,males,75–84,Non-Hodgkin lymphoma,481
2006,males,85+,Hodgkin lymphoma,8
2006,males,85+,Non-Hodgkin lymphoma,120
2007,females,15–24,Hodgkin lymphoma,70
2007,females,15–24,Non-Hodgkin lymphoma,16
2007,females,25–34,Hodgkin lymphoma,53
2007,females,25–34,Non-Hodgkin lymphoma,26
2007,females,35–44,Hodgkin lymphoma,23
2007,females,35–44,Non-Hodgkin lymphoma,98
2007,females,45–54,Hodgkin lymphoma,24
2007,females,45–54,Non-Hodgkin lymphoma,206
2007,females,55–64,Hodgkin lymphoma,26
2007,females,55–64,Non-Hodgkin lymphoma,379
2007,females,5–14,Hodgkin lymphoma,10
2007,females,5–14,Non-Hodgkin lymphoma,13
2007,females,65–74,Hodgkin lymphoma,23
2007,females,65–74,Non-Hodgkin lymphoma,380
2007,females,75–84,Hodgkin lymphoma,19
2007,females,75–84,Non-Hodgkin lymphoma,455
2007,females,85+,Hodgkin lymphoma,4
2007,females,85+,Non-Hodgkin lymphoma,202
2007,males,15–24,Hodgkin lymphoma,54
2007,males,15–24,Non-Hodgkin lymphoma,32
2007,males,25–34,Hodgkin lymphoma,59
2007,males,25–34,Non-Hodgkin lymphoma,53
2007,males,35–44,Hodgkin lymphoma,40
2007,males,35–44,Non-Hodgkin lymphoma,123
2007,males,45–54,Hodgkin lymphoma,46
2007,males,45–54,Non-Hodgkin lymphoma,275
2007,males,55–64,Hodgkin lymphoma,33
2007,males,55–64,Non-Hodgkin lymphoma,477
2007,males,5–14,Hodgkin lymphoma,15
2007,males,5–14,Non-Hodgkin lymphoma,26
2007,males,65–74,Hodgkin lymphoma,27
2007,males,65–74,Non-Hodgkin lymphoma,542
2007,males,75–84,Hodgkin lymphoma,12
2007,males,75–84,Non-Hodgkin lymphoma,524
2007,males,85+,Hodgkin lymphoma,5
2007,males,85+,Non-Hodgkin lymphoma,125
2008,females,15–24,Hodgkin lymphoma,57
2008,females,15–24,Non-Hodgkin lymphoma,15
2008,females,25–34,Hodgkin lymphoma,57
2008,females,25–34,Non-Hodgkin lymphoma,33
2008,females,35–44,Hodgkin lymphoma,19
2008,females,35–44,Non-Hodgkin lymphoma,102
2008,females,45–54,Hodgkin lymphoma,17
2008,females,45–54,Non-Hodgkin lymphoma,212
2008,females,55–64,Hodgkin lymphoma,26
2008,females,55–64,Non-Hodgkin lymphoma,346
2008,females,5–14,Hodgkin lymphoma,9
2008,females,5–14,Non-Hodgkin lymphoma,13
2008,females,65–74,Hodgkin lymphoma,14
2008,females,65–74,Non-Hodgkin lymphoma,427
2008,females,75–84,Hodgkin lymphoma,16
2008,females,75–84,Non-Hodgkin lymphoma,486
2008,females,85+,Hodgkin lymphoma,3
2008,females,85+,Non-Hodgkin lymphoma,180
2008,males,15–24,Hodgkin lymphoma,62
2008,males,15–24,Non-Hodgkin lymphoma,29
2008,males,25–34,Hodgkin lymphoma,46
2008,males,25–34,Non-Hodgkin lymphoma,73
2008,males,35–44,Hodgkin lymphoma,42
2008,males,35–44,Non-Hodgkin lymphoma,124
2008,males,45–54,Hodgkin lymphoma,44
2008,males,45–54,Non-Hodgkin lymphoma,312
2008,males,55–64,Hodgkin lymphoma,42
2008,males,55–64,Non-Hodgkin lymphoma,511
2008,males,5–14,Hodgkin lymphoma,8
2008,males,5–14,Non-Hodgkin lymphoma,25
2008,males,65–74,Hodgkin lymphoma,40
2008,males,65–74,Non-Hodgkin lymphoma,530
2008,males,75–84,Hodgkin lymphoma,14
2008,males,75–84,Non-Hodgkin lymphoma,492
2008,males,85+,Hodgkin lymphoma,7
2008,males,85+,Non-Hodgkin lymphoma,135
2009,females,15–24,Hodgkin lymphoma,58
2009,females,15–24,Non-Hodgkin lymphoma,26
2009,females,25–34,Hodgkin lymphoma,69
2009,females,25–34,Non-Hodgkin lymphoma,42
2009,females,35–44,Hodgkin lymphoma,30
2009,females,35–44,Non-Hodgkin lymphoma,120
2009,females,45–54,Hodgkin lymphoma,26
2009,females,45–54,Non-Hodgkin lymphoma,219
2009,females,55–64,Hodgkin lymphoma,23
2009,females,55–64,Non-Hodgkin lymphoma,377
2009,females,5–14,Hodgkin lymphoma,10
2009,females,5–14,Non-Hodgkin lymphoma,8
2009,females,65–74,Hodgkin lymphoma,24
2009,females,65–74,Non-Hodgkin lymphoma,415
2009,females,75–84,Hodgkin lymphoma,16
2009,females,75–84,Non-Hodgkin lymphoma,456
2009,females,85+,Hodgkin lymphoma,6
2009,females,85+,Non-Hodgkin lymphoma,205
2009,males,15–24,Hodgkin lymphoma,67
2009,males,15–24,Non-Hodgkin lymphoma,36
2009,males,25–34,Hodgkin lymphoma,61
2009,males,25–34,Non-Hodgkin lymphoma,80
2009,males,35–44,Hodgkin lymphoma,42
2009,males,35–44,Non-Hodgkin lymphoma,130
2009,males,45–54,Hodgkin lymphoma,29
2009,males,45–54,Non-Hodgkin lymphoma,282
2009,males,55–64,Hodgkin lymphoma,35
2009,males,55–64,Non-Hodgkin lymphoma,524
2009,males,5–14,Hodgkin lymphoma,15
2009,males,5–14,Non-Hodgkin lymphoma,29
2009,males,65–74,Hodgkin lymphoma,24
2009,males,65–74,Non-Hodgkin lymphoma,582
2009,males,75–84,Hodgkin lymphoma,19
2009,males,75–84,Non-Hodgkin lymphoma,524
2009,males,85+,Hodgkin lymphoma,4
2009,males,85+,Non-Hodgkin lymphoma,196
2010,females,15–24,Hodgkin lymphoma,60
2010,females,15–24,Non-Hodgkin lymphoma,23
2010,females,25–34,Hodgkin lymphoma,64
2010,females,25–34,Non-Hodgkin lymphoma,47
2010,females,35–44,Hodgkin lymphoma,34
2010,females,35–44,Non-Hodgkin lymphoma,100
2010,females,45–54,Hodgkin lymphoma,33
2010,females,45–54,Non-Hodgkin lymphoma,217
2010,females,55–64,Hodgkin lymphoma,16
2010,females,55–64,Non-Hodgkin lymphoma,393
2010,females,5–14,Hodgkin lymphoma,11
2010,females,5–14,Non-Hodgkin lymphoma,13
2010,females,65–74,Hodgkin lymphoma,26
2010,females,65–74,Non-Hodgkin lymphoma,467
2010,females,75–84,Hodgkin lymphoma,16
2010,females,75–84,Non-Hodgkin lymphoma,422
2010,females,85+,Hodgkin lymphoma,6
2010,females,85+,Non-Hodgkin lymphoma,206
2010,males,15–24,Hodgkin lymphoma,59
2010,males,15–24,Non-Hodgkin lymphoma,29
2010,males,25–34,Hodgkin lymphoma,45
2010,males,25–34,Non-Hodgkin lymphoma,63
2010,males,35–44,Hodgkin lymphoma,56
2010,males,35–44,Non-Hodgkin lymphoma,141
2010,males,45–54,Hodgkin lymphoma,45
2010,males,45–54,Non-Hodgkin lymphoma,309
2010,males,55–64,Hodgkin lymphoma,41
2010,males,55–64,Non-Hodgkin lymphoma,600
2010,males,5–14,Hodgkin lymphoma,12
2010,males,5–14,Non-Hodgkin lymphoma,20
2010,males,65–74,Hodgkin lymphoma,35
2010,males,65–74,Non-Hodgkin lymphoma,647
2010,males,75–84,Hodgkin lymphoma,29
2010,males,75–84,Non-Hodgkin lymphoma,505
2010,males,85+,Hodgkin lymphoma,5
2010,males,85+,Non-Hodgkin lymphoma,164
2011,females,15–24,Hodgkin lymphoma,76
2011,females,15–24,Non-Hodgkin lymphoma,18
2011,females,25–34,Hodgkin lymphoma,52
2011,females,25–34,Non-Hodgkin lymphoma,36
2011,females,35–44,Hodgkin lymphoma,42
2011,females,35–44,Non-Hodgkin lymphoma,98
2011,females,45–54,Hodgkin lymphoma,23
2011,females,45–54,Non-Hodgkin lymphoma,221
2011,females,55–64,Hodgkin lymphoma,28
2011,females,55–64,Non-Hodgkin lymphoma,436
2011,females,5–14,Hodgkin lymphoma,9
2011,females,5–14,Non-Hodgkin lymphoma,8
2011,females,65–74,Hodgkin lymphoma,21
2011,females,65–74,Non-Hodgkin lymphoma,438
2011,females,75–84,Hodgkin lymphoma,21
2011,females,75–84,Non-Hodgkin lymphoma,462
2011,females,85+,Hodgkin lymphoma,9
2011,females,85+,Non-Hodgkin lymphoma,212
2011,males,15–24,Hodgkin lymphoma,58
2011,males,15–24,Non-Hodgkin lymphoma,27
2011,males,25–34,Hodgkin lymphoma,65
2011,males,25–34,Non-Hodgkin lymphoma,61
2011,males,35–44,Hodgkin lymphoma,44
2011,males,35–44,Non-Hodgkin lymphoma,145
2011,males,45–54,Hodgkin lymphoma,47
2011,males,45–54,Non-Hodgkin lymphoma,327
2011,males,55–64,Hodgkin lymphoma,39
2011,males,55–64,Non-Hodgkin lymphoma,598
2011,males,5–14,Hodgkin lymphoma,19
2011,males,5–14,Non-Hodgkin lymphoma,30
2011,males,65–74,Hodgkin lymphoma,44
2011,males,65–74,Non-Hodgkin lymphoma,655
2011,males,75–84,Hodgkin lymphoma,20
2011,males,75–84,Non-Hodgkin lymphoma,597
2011,males,85+,Hodgkin lymphoma,4
2011,males,85+,Non-Hodgkin lymphoma,168
2012,females,15–24,Hodgkin lymphoma,68
2012,females,15–24,Non-Hodgkin lymphoma,21
2012,females,25–34,Hodgkin lymphoma,52
2012,females,25–34,Non-Hodgkin lymphoma,45
2012,females,35–44,Hodgkin lymphoma,35
2012,females,35–44,Non-Hodgkin lymphoma,105
2012,females,45–54,Hodgkin lymphoma,29
2012,females,45–54,Non-Hodgkin lymphoma,264
2012,females,55–64,Hodgkin lymphoma,25
2012,females,55–64,Non-Hodgkin lymphoma,404
2012,females,5–14,Hodgkin lymphoma,5
2012,females,5–14,Non-Hodgkin lymphoma,9
2012,females,65–74,Hodgkin lymphoma,25
2012,females,65–74,Non-Hodgkin lymphoma,478
2012,females,75–84,Hodgkin lymphoma,15
2012,females,75–84,Non-Hodgkin lymphoma,500
2012,females,85+,Hodgkin lymphoma,6
2012,females,85+,Non-Hodgkin lymphoma,225
2012,males,15–24,Hodgkin lymphoma,70
2012,males,15–24,Non-Hodgkin lymphoma,36
2012,males,25–34,Hodgkin lymphoma,72
2012,males,25–34,Non-Hodgkin lymphoma,65
2012,males,35–44,Hodgkin lymphoma,46
2012,males,35–44,Non-Hodgkin lymphoma,158
2012,males,45–54,Hodgkin lymphoma,49
2012,males,45–54,Non-Hodgkin lymphoma,312
2012,males,55–64,Hodgkin lymphoma,41
2012,males,55–64,Non-Hodgkin lymphoma,599
2012,males,5–14,Hodgkin lymphoma,21
2012,males,5–14,Non-Hodgkin lymphoma,30
2012,males,65–74,Hodgkin lymphoma,51
2012,males,65–74,Non-Hodgkin lymphoma,757
2012,males,75–84,Hodgkin lymphoma,32
2012,males,75–84,Non-Hodgkin lymphoma,588
2012,males,85+,Hodgkin lymphoma,7
2012,males,85+,Non-Hodgkin lymphoma,205
2013,females,15–24,Hodgkin lymphoma,77
2013,females,15–24,Non-Hodgkin lymphoma,13
2013,females,25–34,Hodgkin lymphoma,57
2013,females,25–34,Non-Hodgkin lymphoma,46
2013,females,35–44,Hodgkin lymphoma,45
2013,females,35–44,Non-Hodgkin lymphoma,108
2013,females,45–54,Hodgkin lymphoma,42
2013,females,45–54,Non-Hodgkin lymphoma,246
2013,females,55–64,Hodgkin lymphoma,25
2013,females,55–64,Non-Hodgkin lymphoma,385
2013,females,5–14,Hodgkin lymphoma,6
2013,females,5–14,Non-Hodgkin lymphoma,13
2013,females,65–74,Hodgkin lymphoma,23
2013,females,65–74,Non-Hodgkin lymphoma,523
2013,females,75–84,Hodgkin lymphoma,20
2013,females,75–84,Non-Hodgkin lymphoma,483
2013,females,85+,Hodgkin lymphoma,10
2013,females,85+,Non-Hodgkin lymphoma,240
2013,males,15–24,Hodgkin lymphoma,64
2013,males,15–24,Non-Hodgkin lymphoma,32
2013,males,25–34,Hodgkin lymphoma,59
2013,males,25–34,Non-Hodgkin lymphoma,71
2013,males,35–44,Hodgkin lymphoma,37
2013,males,35–44,Non-Hodgkin lymphoma,147
2013,males,45–54,Hodgkin lymphoma,36
2013,males,45–54,Non-Hodgkin lymphoma,297
2013,males,55–64,Hodgkin lymphoma,51
2013,males,55–64,Non-Hodgkin lymphoma,575
2013,males,5–14,Hodgkin lymphoma,19
2013,males,5–14,Non-Hodgkin lymphoma,24
2013,males,65–74,Hodgkin lymphoma,44
2013,males,65–74,Non-Hodgkin lymphoma,786
2013,males,75–84,Hodgkin lymphoma,23
2013,males,75–84,Non-Hodgkin lymphoma,602
2013,males,85+,Hodgkin lymphoma,8
2013,males,85+,Non-Hodgkin lymphoma,245
2014,females,15–24,Hodgkin lymphoma,57
2014,females,15–24,Non-Hodgkin lymphoma,27
2014,females,25–34,Hodgkin lymphoma,69
2014,females,25–34,Non-Hodgkin lymphoma,40
2014,females,35–44,Hodgkin lymphoma,40
2014,females,35–44,Non-Hodgkin lymphoma,103
2014,females,45–54,Hodgkin lymphoma,30
2014,females,45–54,Non-Hodgkin lymphoma,224
2014,females,55–64,Hodgkin lymphoma,29
2014,females,55–64,Non-Hodgkin lymphoma,444
2014,females,5–14,Hodgkin lymphoma,12
2014,females,5–14,Non-Hodgkin lymphoma,5
2014,females,65–74,Hodgkin lymphoma,34
2014,females,65–74,Non-Hodgkin lymphoma,627
2014,females,75–84,Hodgkin lymphoma,23
2014,females,75–84,Non-Hodgkin lymphoma,543
2014,females,85+,Hodgkin lymphoma,5
2014,females,85+,Non-Hodgkin lymphoma,256
2014,males,15–24,Hodgkin lymphoma,59
2014,males,15–24,Non-Hodgkin lymphoma,35
2014,males,25–34,Hodgkin lymphoma,64
2014,males,25–34,Non-Hodgkin lymphoma,60
2014,males,35–44,Hodgkin lymphoma,58
2014,males,35–44,Non-Hodgkin lymphoma,168
2014,males,45–54,Hodgkin lymphoma,52
2014,males,45–54,Non-Hodgkin lymphoma,313
2014,males,55–64,Hodgkin lymphoma,32
2014,males,55–64,Non-Hodgkin lymphoma,609
2014,males,5–14,Hodgkin lymphoma,18
2014,males,5–14,Non-Hodgkin lymphoma,22
2014,males,65–74,Hodgkin lymphoma,47
2014,males,65–74,Non-Hodgkin lymphoma,791
2014,males,75–84,Hodgkin lymphoma,19
2014,males,75–84,Non-Hodgkin lymphoma,653
2014,males,85+,Hodgkin lymphoma,4
2014,males,85+,Non-Hodgkin lymphoma,221
2015,females,15–24,Hodgkin lymphoma,66
2015,females,15–24,Non-Hodgkin lymphoma,29
2015,females,25–34,Hodgkin lymphoma,66
2015,females,25–34,Non-Hodgkin lymphoma,42
2015,females,35–44,Hodgkin lymphoma,45
2015,females,35–44,Non-Hodgkin lymphoma,93
2015,females,45–54,Hodgkin lymphoma,19
2015,females,45–54,Non-Hodgkin lymphoma,227
2015,females,55–64,Hodgkin lymphoma,21
2015,females,55–64,Non-Hodgkin lymphoma,456
2015,females,5–14,Hodgkin lymphoma,10
2015,females,5–14,Non-Hodgkin lymphoma,9
2015,females,65–74,Hodgkin lymphoma,29
2015,females,65–74,Non-Hodgkin lymphoma,612
2015,females,75–84,Hodgkin lymphoma,18
2015,females,75–84,Non-Hodgkin lymphoma,498
2015,females,85+,Hodgkin lymphoma,9
2015,females,85+,Non-Hodgkin lymphoma,243
2015,males,15–24,Hodgkin lymphoma,79
2015,males,15–24,Non-Hodgkin lymphoma,34
2015,males,25–34,Hodgkin lymphoma,74
2015,males,25–34,Non-Hodgkin lymphoma,73
2015,males,35–44,Hodgkin lymphoma,45
2015,males,35–44,Non-Hodgkin lymphoma,154
2015,males,45–54,Hodgkin lymphoma,37
2015,males,45–54,Non-Hodgkin lymphoma,309
2015,males,55–64,Hodgkin lymphoma,47
2015,males,55–64,Non-Hodgkin lymphoma,563
2015,males,5–14,Hodgkin lymphoma,19
2015,males,5–14,Non-Hodgkin lymphoma,26
2015,males,65–74,Hodgkin lymphoma,34
2015,males,65–74,Non-Hodgkin lymphoma,785
2015,males,75–84,Hodgkin lymphoma,36
2015,males,75–84,Non-Hodgkin lymphoma,655
2015,males,85+,Hodgkin lymphoma,17
2015,males,85+,Non-Hodgkin lymphoma,280
2016,females,15–24,Hodgkin lymphoma,85
2016,females,15–24,Non-Hodgkin lymphoma,19
2016,females,25–34,Hodgkin lymphoma,72
2016,females,25–34,Non-Hodgkin lymphoma,47
2016,females,35–44,Hodgkin lymphoma,48
2016,females,35–44,Non-Hodgkin lymphoma,98
2016,females,45–54,Hodgkin lymphoma,25
2016,females,45–54,Non-Hodgkin lymphoma,248
2016,females,55–64,Hodgkin lymphoma,27
2016,females,55–64,Non-Hodgkin lymphoma,441
2016,females,5–14,Hodgkin lymphoma,13
2016,females,5–14,Non-Hodgkin lymphoma,10
2016,females,65–74,Hodgkin lymphoma,28
2016,females,65–74,Non-Hodgkin lymphoma,648
2016,females,75–84,Hodgkin lymphoma,28
2016,females,75–84,Non-Hodgkin lymphoma,507
2016,females,85+,Hodgkin lymphoma,8
2016,females,85+,Non-Hodgkin lymphoma,275
2016,males,15–24,Hodgkin lymphoma,55
2016,males,15–24,Non-Hodgkin lymphoma,44
2016,males,25–34,Hodgkin lymphoma,54
2016,males,25–34,Non-Hodgkin lymphoma,51
2016,males,35–44,Hodgkin lymphoma,45
2016,males,35–44,Non-Hodgkin lymphoma,147
2016,males,45–54,Hodgkin lymphoma,50
2016,males,45–54,Non-Hodgkin lymphoma,299
2016,males,55–64,Hodgkin lymphoma,41
2016,males,55–64,Non-Hodgkin lymphoma,605
2016,males,5–14,Hodgkin lymphoma,17
2016,males,5–14,Non-Hodgkin lymphoma,37
2016,males,65–74,Hodgkin lymphoma,45
2016,males,65–74,Non-Hodgkin lymphoma,845
2016,males,75–84,Hodgkin lymphoma,35
2016,males,75–84,Non-Hodgkin lymphoma,727
2016,males,85+,Hodgkin lymphoma,9
2016,males,85+,Non-Hodgkin lymphoma,289
2017,females,15–24,Hodgkin lymphoma,63
2017,females,15–24,Non-Hodgkin lymphoma,18
2017,females,25–34,Hodgkin lymphoma,75
2017,females,25–34,Non-Hodgkin lymphoma,55
2017,females,35–44,Hodgkin lymphoma,34
2017,females,35–44,Non-Hodgkin lymphoma,97
2017,females,45–54,Hodgkin lymphoma,29
2017,females,45–54,Non-Hodgkin lymphoma,261
2017,females,55–64,Hodgkin lymphoma,31
2017,females,55–64,Non-Hodgkin lymphoma,454
2017,females,5–14,Hodgkin lymphoma,13
2017,females,5–14,Non-Hodgkin lymphoma,6
2017,females,65–74,Hodgkin lymphoma,29
2017,females,65–74,Non-Hodgkin lymphoma,645
2017,females,75–84,Hodgkin lymphoma,18
2017,females,75–84,Non-Hodgkin lymphoma,543
2017,females,85+,Hodgkin lymphoma,9
2017,females,85+,Non-Hodgkin lymphoma,291
2017,males,15–24,Hodgkin lymphoma,76
2017,males,15–24,Non-Hodgkin lymphoma,35
2017,males,25–34,Hodgkin lymphoma,73
2017,males,25–34,Non-Hodgkin lymphoma,47
2017,males,35–44,Hodgkin lymphoma,42
2017,males,35–44,Non-Hodgkin lymphoma,139
2017,males,45–54,Hodgkin lymphoma,52
2017,males,45–54,Non-Hodgkin lymphoma,330
2017,males,55–64,Hodgkin lymphoma,41
2017,males,55–64,Non-Hodgkin lymphoma,629
2017,males,5–14,Hodgkin lymphoma,13
2017,males,5–14,Non-Hodgkin lymphoma,18
2017,males,65–74,Hodgkin lymphoma,62
2017,males,65–74,Non-Hodgkin lymphoma,1023
2017,males,75–84,Hodgkin lymphoma,34
2017,males,75–84,Non-Hodgkin lymphoma,742
2017,males,85+,Hodgkin lymphoma,11
2017,males,85+,Non-Hodgkin lymphoma,288
2018,females,15–24,Hodgkin lymphoma,73
2018,females,15–24,Non-Hodgkin lymphoma,14
2018,females,25–34,Hodgkin lymphoma,50
2018,females,25–34,Non-Hodgkin lymphoma,56
2018,females,35–44,Hodgkin lymphoma,38
2018,females,35–44,Non-Hodgkin lymphoma,86
2018,females,45–54,Hodgkin lymphoma,25
2018,females,45–54,Non-Hodgkin lymphoma,212
2018,females,55–64,Hodgkin lymphoma,25
2018,females,55–64,Non-Hodgkin lymphoma,425
2018,females,5–14,Hodgkin lymphoma,9
2018,females,5–14,Non-Hodgkin lymphoma,12
2018,females,65–74,Hodgkin lymphoma,26
2018,females,65–74,Non-Hodgkin lymphoma,699
2018,females,75–84,Hodgkin lymphoma,26
2018,females,75–84,Non-Hodgkin lymphoma,586
2018,females,85+,Hodgkin lymphoma,9
2018,females,85+,Non-Hodgkin lymphoma,307
2018,males,15–24,Hodgkin lymphoma,58
2018,males,15–24,Non-Hodgkin lymphoma,21
2018,males,25–34,Hodgkin lymphoma,66
2018,males,25–34,Non-Hodgkin lymphoma,67
2018,males,35–44,Hodgkin lymphoma,58
2018,males,35–44,Non-Hodgkin lymphoma,130
2018,males,45–54,Hodgkin lymphoma,45
2018,males,45–54,Non-Hodgkin lymphoma,309
2018,males,55–64,Hodgkin lymphoma,54
2018,males,55–64,Non-Hodgkin lymphoma,654
2018,males,5–14,Hodgkin lymphoma,14
2018,males,5–14,Non-Hodgkin lymphoma,27
2018,males,65–74,Hodgkin lymphoma,48
2018,males,65–74,Non-Hodgkin lymphoma,968
2018,males,75–84,Hodgkin lymphoma,36
2018,males,75–84,Non-Hodgkin lymphoma,784
2018,males,85+,Hodgkin lymphoma,7
2018,males,85+,Non-Hodgkin lymphoma,307
2019,females,15–24,Hodgkin lymphoma,63
2019,females,15–24,Non-Hodgkin lymphoma,16
2019,females,25–34,Hodgkin lymphoma,81
2019,females,25–34,Non-Hodgkin lymphoma,40
2019,females,35–44,Hodgkin lymphoma,44
2019,females,35–44,Non-Hodgkin lymphoma,80
2019,females,45–54,Hodgkin lymphoma,24
2019,females,45–54,Non-Hodgkin lymphoma,212
2019,females,55–64,Hodgkin lymphoma,20
2019,females,55–64,Non-Hodgkin lymphoma,490
2019,females,5–14,Hodgkin lymphoma,18
2019,females,5–14,Non-Hodgkin lymphoma,13
2019,females,65–74,Hodgkin lymphoma,31
2019,females,65–74,Non-Hodgkin lymphoma,683
2019,females,75–84,Hodgkin lymphoma,33
2019,females,75–84,Non-Hodgkin lymphoma,614
2019,females,85+,Hodgkin lymphoma,13
2019,females,85+,Non-Hodgkin lymphoma,302
2019,males,15–24,Hodgkin lymphoma,68
2019,males,15–24,Non-Hodgkin lymphoma,39
2019,males,25–34,Hodgkin lymphoma,71
2019,males,25–34,Non-Hodgkin lymphoma,76
2019,males,35–44,Hodgkin lymphoma,53
2019,males,35–44,Non-Hodgkin lymphoma,137
2019,males,45–54,Hodgkin lymphoma,44
2019,males,45–54,Non-Hodgkin lymphoma,306
2019,males,55–64,Hodgkin lymphoma,52
2019,males,55–64,Non-Hodgkin lymphoma,685
2019,males,5–14,Hodgkin lymphoma,12
2019,males,5–14,Non-Hodgkin lymphoma,30
2019,males,65–74,Hodgkin lymphoma,55
2019,males,65–74,Non-Hodgkin lymphoma,1008
2019,males,75–84,Hodgkin lymphoma,25
2019,males,75–84,Non-Hodgkin lymphoma,782
2019,males,85+,Hodgkin lymphoma,10
2019,males,85+,Non-Hodgkin lymphoma,303
2020,females,15–24,Hodgkin lymphoma,65
2020,females,15–24,Non-Hodgkin lymphoma,18
2020,females,25–34,Hodgkin lymphoma,69
2020,females,25–34,Non-Hodgkin lymphoma,53
2020,females,35–44,Hodgkin lymphoma,42
2020,females,35–44,Non-Hodgkin lymphoma,119
2020,females,45–54,Hodgkin lymphoma,24
2020,females,45–54,Non-Hodgkin lymphoma,242
2020,females,55–64,Hodgkin lymphoma,37
2020,females,55–64,Non-Hodgkin lymphoma,517
2020,females,5–14,Hodgkin lymphoma,22
2020,females,5–14,Non-Hodgkin lymphoma,14
2020,females,65–74,Hodgkin lymphoma,26
2020,females,65–74,Non-Hodgkin lymphoma,757
2020,females,75–84,Hodgkin lymphoma,34
2020,females,75–84,Non-Hodgkin lymphoma,666
2020,females,85+,Hodgkin lymphoma,11
2020,females,85+,Non-Hodgkin lymphoma,302
2020,males,15–24,Hodgkin lymphoma,77
2020,males,15–24,Non-Hodgkin lymphoma,40
2020,males,25–34,Hodgkin lymphoma,64
2020,males,25–34,Non-Hodgkin lymphoma,62
2020,males,35–44,Hodgkin lymphoma,54
2020,males,35–44,Non-Hodgkin lymphoma,131
2020,males,45–54,Hodgkin lymphoma,53
2020,males,45–54,Non-Hodgkin lymphoma,335
2020,males,55–64,Hodgkin lymphoma,56
2020,males,55–64,Non-Hodgkin lymphoma,702
2020,males,5–14,Hodgkin lymphoma,21
2020,males,5–14,Non-Hodgkin lymphoma,31
2020,males,65–74,Hodgkin lymphoma,56
2020,males,65–74,Non-Hodgkin lymphoma,1055
2020,males,75–84,Hodgkin lymphoma,40
2020,males,75–84,Non-Hodgkin lymphoma,872
2020,males,85+,Hodgkin lymphoma,15
2020,males,85+,Non-Hodgkin lymphoma,300
2021,females,15–24,Hodgkin lymphoma,64
2021,females,15–24,Non-Hodgkin lymphoma,18
2021,females,25–34,Hodgkin lymphoma,83
2021,females,25–34,Non-Hodgkin lymphoma,55
2021,females,35–44,Hodgkin lymphoma,53
2021,females,35–44,Non-Hodgkin lymphoma,106
2021,females,45–54,Hodgkin lymphoma,36
2021,females,45–54,Non-Hodgkin lymphoma,215
2021,females,55–64,Hodgkin lymphoma,29
2021,females,55–64,Non-Hodgkin lymphoma,495
2021,females,5–14,Hodgkin lymphoma,7
2021,females,5–14,Non-Hodgkin lymphoma,14
2021,females,65–74,Hodgkin lymphoma,46
2021,females,65–74,Non-Hodgkin lymphoma,718
2021,females,75–84,Hodgkin lymphoma,33
2021,females,75–84,Non-Hodgkin lymphoma,659
2021,females,85+,Hodgkin lymphoma,11
2021,females,85+,Non-Hodgkin lymphoma,310
2021,males,15–24,Hodgkin lymphoma,58
2021,males,15–24,Non-Hodgkin lymphoma,35
2021,males,25–34,Hodgkin lymphoma,65
2021,males,25–34,Non-Hodgkin lymphoma,60
2021,males,35–44,Hodgkin lymphoma,60
2021,males,35–44,Non-Hodgkin lymphoma,142
2021,males,45–54,Hodgkin lymphoma,46
2021,males,45–54,Non-Hodgkin lymphoma,296
2021,males,55–64,Hodgkin lymphoma,72
2021,males,55–64,Non-Hodgkin lymphoma,649
2021,males,5–14,Hodgkin lymphoma,22
2021,males,5–14,Non-Hodgkin lymphoma,27
2021,males,65–74,Hodgkin lymphoma,49
2021,males,65–74,Non-Hodgkin lymphoma,953
2021,males,75–84,Hodgkin lymphoma,38
2021,males,75–84,Non-Hodgkin lymphoma,894
2021,males,85+,Hodgkin lymphoma,8
2021,males,85+,Non-Hodgkin lymphoma,309
2022,females,15–24,Hodgkin lymphoma,64
2022,females,15–24,Non-Hodgkin lymphoma,15
2022,females,25–34,Hodgkin lymphoma,77
2022,females,25–34,Non-Hodgkin lymphoma,52
2022,females,35–44,Hodgkin lymphoma,48
2022,females,35–44,Non-Hodgkin lymphoma,100
2022,females,45–54,Hodgkin lymphoma,26
2022,females,45–54,Non-Hodgkin lymphoma,216
2022,females,55–64,Hodgkin lymphoma,30
2022,females,55–64,Non-Hodgkin lymphoma,505
2022,females,5–14,Hodgkin lymphoma,17
2022,females,5–14,Non-Hodgkin lymphoma,14
2022,females,65–74,Hodgkin lymphoma,34
2022,females,65–74,Non-Hodgkin lymphoma,771
2022,females,75–84,Hodgkin lymphoma,39
2022,females,75–84,Non-Hodgkin lymphoma,715
2022,females,85+,Hodgkin lymphoma,12
2022,females,85+,Non-Hodgkin lymphoma,333
2022,males,15–24,Hodgkin lymphoma,65
2022,males,15–24,Non-Hodgkin lymphoma,35
2022,males,25–34,Hodgkin lymphoma,63
2022,males,25–34,Non-Hodgkin lymphoma,59
2022,males,35–44,Hodgkin lymphoma,59
2022,males,35–44,Non-Hodgkin lymphoma,133
2022,males,45–54,Hodgkin lymphoma,49
2022,males,45–54,Non-Hodgkin lymphoma,317
2022,males,55–64,Hodgkin lymphoma,63
2022,males,55–64,Non-Hodgkin lymphoma,687
2022,males,5–14,Hodgkin lymphoma,17
2022,males,5–14,Non-Hodgkin lymphoma,28
2022,males,65–74,Hodgkin lymphoma,52
2022,males,65–74,Non-Hodgkin lymphoma,1046
2022,males,75–84,Hodgkin lymphoma,41
2022,males,75–84,Non-Hodgkin lymphoma,982
2022,males,85+,Hodgkin lymphoma,12
2022,males,85+,Non-Hodgkin lymphoma,339
2023,females,15–24,Hodgkin lymphoma,67
2023,females,15–24,Non-Hodgkin lymphoma,16
2023,females,25–34,Hodgkin lymphoma,81
2023,females,25–34,Non-Hodgkin lymphoma,55
2023,females,35–44,Hodgkin lymphoma,50
2023,females,35–44,Non-Hodgkin lymphoma,102
2023,females,45–54,Hodgkin lymphoma,26
2023,females,45–54,Non-Hodgkin lymphoma,213
2023,females,55–64,Hodgkin lymphoma,29
2023,females,55–64,Non-Hodgkin lymphoma,511
2023,females,5–14,Hodgkin lymphoma,18
2023,females,5–14,Non-Hodgkin lymphoma,14
2023,females,65–74,Hodgkin lymphoma,36
2023,females,65–74,Non-Hodgkin lymphoma,789
2023,females,75–84,Hodgkin lymphoma,42
2023,females,75–84,Non-Hodgkin lymphoma,757
2023,females,85+,Hodgkin lymphoma,13
2023,females,85+,Non-Hodgkin lymphoma,346
2023,males,15–24,Hodgkin lymphoma,68
2023,males,15–24,Non-Hodgkin lymphoma,37
2023,males,25–34,Hodgkin lymphoma,65
2023,males,25–34,Non-Hodgkin lymphoma,60
2023,males,35–44,Hodgkin lymphoma,62
2023,males,35–44,Non-Hodgkin lymphoma,133
2023,males,45–54,Hodgkin lymphoma,49
2023,males,45–54,Non-Hodgkin lymphoma,318
2023,males,55–64,Hodgkin lymphoma,65
2023,males,55–64,Non-Hodgkin lymphoma,694
2023,males,5–14,Hodgkin lymphoma,17
2023,males,5–14,Non-Hodgkin lymphoma,28
2023,males,65–74,Hodgkin lymphoma,52
2023,males,65–74,Non-Hodgkin lymphoma,1062
2023,males,75–84,Hodgkin lymphoma,43
2023,males,75–84,Non-Hodgkin lymphoma,1042
2023,males,85+,Hodgkin lymphoma,13
2023,males,85+,Non-Hodgkin lymphoma,353
2024,females,15–24,Hodgkin lymphoma,68
2024,females,15–24,Non-Hodgkin lymphoma,15
2024,females,25–34,Hodgkin lymphoma,85
2024,females,25–34,Non-Hodgkin lymphoma,56
2024,females,35–44,Hodgkin lymphoma,52
2024,females,35–44,Non-Hodgkin lymphoma,104
2024,females,45–54,Hodgkin lymphoma,24
2024,females,45–54,Non-Hodgkin lymphoma,209
2024,females,55–64,Hodgkin lymphoma,30
2024,females,55–64,Non-Hodgkin lymphoma,519
2024,females,5–14,Hodgkin lymphoma,19
2024,females,5–14,Non-Hodgkin lymphoma,14
2024,females,65–74,Hodgkin lymphoma,36
2024,females,65–74,Non-Hodgkin lymphoma,808
2024,females,75–84,Hodgkin lymphoma,47
2024,females,75–84,Non-Hodgkin lymphoma,799
2024,females,85+,Hodgkin lymphoma,14
2024,females,85+,Non-Hodgkin lymphoma,363
2024,males,15–24,Hodgkin lymphoma,70
2024,males,15–24,Non-Hodgkin lymphoma,38
2024,males,25–34,Hodgkin lymphoma,67
2024,males,25–34,Non-Hodgkin lymphoma,61
2024,males,35–44,Hodgkin lymphoma,65
2024,males,35–44,Non-Hodgkin lymphoma,133
2024,males,45–54,Hodgkin lymphoma,49
2024,males,45–54,Non-Hodgkin lymphoma,319
2024,males,55–64,Hodgkin lymphoma,68
2024,males,55–64,Non-Hodgkin lymphoma,702
2024,males,5–14,Hodgkin lymphoma,14
2024,males,5–14,Non-Hodgkin lymphoma,28
2024,males,65–74,Hodgkin lymphoma,53
2024,males,65–74,Non-Hodgkin lymphoma,1082
2024,males,75–84,Hodgkin lymphoma,46
2024,males,75–84,Non-Hodgkin lymphoma,1102
2024,males,85+,Hodgkin lymphoma,13
2024,males,85+,Non-Hodgkin lymphoma,372
2025,females,15–24,Hodgkin lymphoma,70
2025,females,15–24,Non-Hodgkin lymphoma,15
2025,females,25–34,Hodgkin lymphoma,89
2025,females,25–34,Non-Hodgkin lymphoma,58
2025,females,35–44,Hodgkin lymphoma,52
2025,females,35–44,Non-Hodgkin lymphoma,106
2025,females,45–54,Hodgkin lymphoma,24
2025,females,45–54,Non-Hodgkin lymphoma,204
2025,females,55–64,Hodgkin lymphoma,30
2025,females,55–64,Non-Hodgkin lymphoma,526
2025,females,5–14,Hodgkin lymphoma,20
2025,females,5–14,Non-Hodgkin lymphoma,14
2025,females,65–74,Hodgkin lymphoma,36
2025,females,65–74,Non-Hodgkin lymphoma,828
2025,females,75–84,Hodgkin lymphoma,50
2025,females,75–84,Non-Hodgkin lymphoma,843
2025,females,85+,Hodgkin lymphoma,15
2025,females,85+,Non-Hodgkin lymphoma,381
2025,males,15–24,Hodgkin lymphoma,72
2025,males,15–24,Non-Hodgkin lymphoma,40
2025,males,25–34,Hodgkin lymphoma,67
2025,males,25–34,Non-Hodgkin lymphoma,60
2025,males,35–44,Hodgkin lymphoma,68
2025,males,35–44,Non-Hodgkin lymphoma,132
2025,males,45–54,Hodgkin lymphoma,50
2025,males,45–54,Non-Hodgkin lymphoma,319
2025,males,55–64,Hodgkin lymphoma,70
2025,males,55–64,Non-Hodgkin lymphoma,709
2025,males,5–14,Hodgkin lymphoma,14
2025,males,5–14,Non-Hodgkin lymphoma,28
2025,males,65–74,Hodgkin lymphoma,52
2025,males,65–74,Non-Hodgkin lymphoma,1105
2025,males,75–84,Hodgkin lymphoma,47
2025,males,75–84,Non-Hodgkin lymphoma,1162
2025,males,85+,Hodgkin lymphoma,13
2025,males,85+,Non-Hodgkin lymphoma,390
