year,sex,age_group,population
1982,females,0–4,563564
1982,females,15–24,1288328
1982,females,25–34,1226834
1982,females,35–44,947756
1982,females,45–54,738648
1982,females,55–64,703833
1982,females,5–14,1265789
1982,females,65–74,524839
1982,females,75–84,266011
1982,females,85+,77731
1982,males,0–4,591710
1982,males,15–24,1334067
1982,males,25–34,1255375
1982,males,35–44,991290
1982,males,45–54,775781
1982,males,55–64,678581
1982,males,5–14,1323923
1982,males,65–74,436046
1982,males,75–84,165681
1982,males,85+,28460
1983,females,0–4,570067
1983,females,15–24,1290725
1983,females,25–34,1242951
1983,females,35–44,992503
1983,females,45–54,741225
1983,females,55–64,717736
1983,females,5–14,1260757
1983,females,65–74,533650
1983,females,75–84,277248
1983,females,85+,80264
1983,males,0–4,600168
1983,males,15–24,1338594
1983,males,25–34,1266432
1983,males,35–44,1039123
1983,males,45–54,778459
1983,males,55–64,698944
1983,males,5–14,1320028
1983,males,65–74,442355
1983,males,75–84,173224
1983,males,85+,29019
1984,females,0–4,576921
1984,females,15–24,1294653
1984,females,25–34,1259023
1984,females,35–44,1032150
1984,females,45–54,747940
1984,females,55–64,730933
1984,females,5–14,1245965
1984,females,65–74,541225
1984,females,75–84,289143
1984,females,85+,83226
1984,males,0–4,606912
1984,males,15–24,1344687
1984,males,25–34,1278540
1984,males,35–44,1078800
1984,males,45–54,785084
1984,males,55–64,717990
1984,males,5–14,1306007
1984,males,65–74,448340
1984,males,75–84,181655
1984,males,85+,30197
1985,females,0–4,585383
1985,females,15–24,1300631
1985,females,25–34,1277654
1985,females,35–44,1075499
1985,females,45–54,756534
1985,females,55–64,737796
1985,females,5–14,1232259
1985,females,65–74,551629
1985,females,75–84,299388
1985,females,85+,88811
1985,males,0–4,614173
1985,males,15–24,1353526
1985,males,25–34,1294508
1985,males,35–44,1120654
1985,males,45–54,795167
1985,males,55–64,729773
1985,males,5–14,1293726
1985,males,65–74,459049
1985,males,75–84,189745
1985,males,85+,32407
1986,females,0–4,589465
1986,females,15–24,1314958
1986,females,25–34,1300222
1986,females,35–44,1119161
1986,females,45–54,768943
1986,females,55–64,738536
1986,females,5–14,1213953
1986,females,65–74,567952
1986,females,75–84,310384
1986,females,85+,94589
1986,males,0–4,619020
1986,males,15–24,1368973
1986,males,25–34,1317452
1986,males,35–44,1161863
1986,males,45–54,810180
1986,males,55–64,736433
1986,males,5–14,1277080
1986,males,65–74,475396
1986,males,75–84,199083
1986,males,85+,34707
1987,females,0–4,594528
1987,females,15–24,1331258
1987,females,25–34,1328866
1987,females,35–44,1160141
1987,females,45–54,789788
1987,females,55–64,735526
1987,females,5–14,1202322
1987,females,65–74,583343
1987,females,75–84,322653
1987,females,85+,97194
1987,males,0–4,624156
1987,males,15–24,1382212
1987,males,25–34,1344758
1987,males,35–44,1197621
1987,males,45–54,831306
1987,males,55–64,735767
1987,males,5–14,1266338
1987,males,65–74,491806
1987,males,75–84,208037
1987,males,85+,36254
1988,females,0–4,600143
1988,females,15–24,1341966
1988,females,25–34,1356914
1988,females,35–44,1204491
1988,females,45–54,812633
1988,females,55–64,733594
1988,females,5–14,1201906
1988,females,65–74,596839
1988,females,75–84,334920
1988,females,85+,99813
1988,males,0–4,629408
1988,males,15–24,1391527
1988,males,25–34,1372201
1988,males,35–44,1237121
1988,males,45–54,854872
1988,males,55–64,736431
1988,males,5–14,1267574
1988,males,65–74,504961
1988,males,75–84,216965
1988,males,85+,37885
1989,females,0–4,606818
1989,females,15–24,1349711
1989,females,25–34,1383752
1989,females,35–44,1241632
1989,females,45–54,845097
1989,females,55–64,731593
1989,females,5–14,1207741
1989,females,65–74,608685
1989,females,75–84,348590
1989,females,85+,103208
1989,males,0–4,637032
1989,males,15–24,1399357
1989,males,25–34,1399016
1989,males,35–44,1268740
1989,males,45–54,888220
1989,males,55–64,735885
1989,males,5–14,1273327
1989,males,65–74,519169
1989,males,75–84,226863
1989,males,85+,39980
1990,females,0–4,612921
1990,females,15–24,1354814
1990,females,25–34,1401226
1990,females,35–44,1275233
1990,females,45–54,879521
1990,females,55–64,729790
1990,females,5–14,1215529
1990,females,65–74,619200
1990,females,75–84,360016
1990,females,85+,105609
1990,males,0–4,645231
1990,males,15–24,1405949
1990,males,25–34,1414983
1990,males,35–44,1296753
1990,males,45–54,923740
1990,males,55–64,734744
1990,males,5–14,1281313
1990,males,65–74,531677
1990,males,75–84,235313
1990,males,85+,41566
1991,females,0–4,619401
1991,females,15–24,1354941
1991,females,25–34,1408886
1991,females,35–44,1303292
1991,females,45–54,915819
1991,females,55–64,728737
1991,females,5–14,1223098
1991,females,65–74,633509
1991,females,75–84,370917
1991,females,85+,110027
1991,males,0–4,652302
1991,males,15–24,1405897
1991,males,25–34,1416512
1991,males,35–44,1319366
1991,males,45–54,960260
1991,males,55–64,734081
1991,males,5–14,1290729
1991,males,65–74,548636
1991,males,75–84,243406
1991,males,85+,44220
1992,females,0–4,625533
1992,females,15–24,1349007
1992,females,25–34,1413223
1992,females,35–44,1318035
1992,females,45–54,961884
1992,females,55–64,730956
1992,females,5–14,1231172
1992,females,65–74,644913
1992,females,75–84,380228
1992,females,85+,115428
1992,males,0–4,658415
1992,males,15–24,1400961
1992,males,25–34,1418342
1992,males,35–44,1328066
1992,males,45–54,1007072
1992,males,55–64,736162
1992,males,5–14,1297959
1992,males,65–74,563724
1992,males,75–84,250255
1992,males,85+,47300
1993,females,0–4,628900
1993,females,15–24,1338983
1993,females,25–34,1408819
1993,females,35–44,1333110
1993,females,45–54,1005048
1993,females,55–64,733911
1993,females,5–14,1237200
1993,females,65–74,657652
1993,females,75–84,387676
1993,females,85+,121529
1993,males,0–4,662243
1993,males,15–24,1391098
1993,males,25–34,1413349
1993,males,35–44,1336729
1993,males,45–54,1049696
1993,males,55–64,740162
1993,males,5–14,1302912
1993,males,65–74,579412
1993,males,75–84,256109
1993,males,85+,50270
1994,females,0–4,631107
1994,females,15–24,1326846
1994,females,25–34,1409917
1994,females,35–44,1351624
1994,females,45–54,1046110
1994,females,55–64,740402
1994,females,5–14,1244920
1994,females,65–74,669847
1994,females,75–84,393929
1994,females,85+,127089
1994,males,0–4,664778
1994,males,15–24,1380054
1994,males,25–34,1413534
1994,males,35–44,1351022
1994,males,45–54,1088415
1994,males,55–64,746948
1994,males,5–14,1309966
1994,males,65–74,594617
1994,males,75–84,261167
1994,males,85+,53176
1995,females,0–4,631233
1995,females,15–24,1316567
1995,females,25–34,1413020
1995,females,35–44,1375600
1995,females,45–54,1088632
1995,females,55–64,749341
1995,females,5–14,1257412
1995,females,65–74,674533
1995,females,75–84,404310
1995,females,85+,133804
1995,males,0–4,664968
1995,males,15–24,1369557
1995,males,25–34,1416568
1995,males,35–44,1372025
1995,males,45–54,1127457
1995,males,55–64,757263
1995,males,5–14,1321960
1995,males,65–74,602914
1995,males,75–84,271125
1995,males,85+,56593
1996,females,0–4,628737
1996,females,15–24,1304118
1996,females,25–34,1424366
1996,females,35–44,1402663
1996,females,45–54,1132127
1996,females,55–64,760445
1996,females,5–14,1269336
1996,females,65–74,678410
1996,females,75–84,418339
1996,females,85+,140902
1996,males,0–4,662765
1996,males,15–24,1356330
1996,males,25–34,1424184
1996,males,35–44,1397212
1996,males,45–54,1166609
1996,males,55–64,769888
1996,males,5–14,1333748
1996,males,65–74,610538
1996,males,75–84,284047
1996,males,85+,60003
1997,females,0–4,628456
1997,females,15–24,1284766
1997,females,25–34,1434003
1997,females,35–44,1428105
1997,females,45–54,1174221
1997,females,55–64,780699
1997,females,5–14,1276595
1997,females,65–74,677327
1997,females,75–84,434051
1997,females,85+,148637
1997,males,0–4,662892
1997,males,15–24,1334606
1997,males,25–34,1429012
1997,males,35–44,1417710
1997,males,45–54,1202488
1997,males,55–64,792019
1997,males,5–14,1340448
1997,males,65–74,616210
1997,males,75–84,297196
1997,males,85+,63596
1998,females,0–4,625240
1998,females,15–24,1271227
1998,females,25–34,1434658
1998,females,35–44,1447653
1998,females,45–54,1219912
1998,females,55–64,801393
1998,females,5–14,1283762
1998,females,65–74,676309
1998,females,75–84,448364
1998,females,85+,155923
1998,males,0–4,659846
1998,males,15–24,1321114
1998,males,25–34,1425669
1998,males,35–44,1433837
1998,males,45–54,1240648
1998,males,55–64,816448
1998,males,5–14,1347673
1998,males,65–74,620289
1998,males,75–84,309770
1998,males,85+,67849
1999,females,0–4,623110
1999,females,15–24,1267471
1999,females,25–34,1434578
1999,females,35–44,1464599
1999,females,45–54,1256168
1999,females,55–64,831892
1999,females,5–14,1292582
1999,females,65–74,675393
1999,females,75–84,461197
1999,females,85+,165165
1999,males,0–4,656573
1999,males,15–24,1316095
1999,males,25–34,1422438
1999,males,35–44,1449105
1999,males,45–54,1269317
1999,males,55–64,848923
1999,males,5–14,1357787
1999,males,65–74,624622
1999,males,75–84,322876
1999,males,85+,72373
2000,females,0–4,620507
2000,females,15–24,1274151
2000,females,25–34,1435084
2000,females,35–44,1476840
2000,females,45–54,1289453
2000,females,55–64,864786
2000,females,5–14,1301288
2000,females,65–74,674414
2000,females,75–84,474730
2000,females,85+,174084
2000,males,0–4,653221
2000,males,15–24,1321489
2000,males,25–34,1420550
2000,males,35–44,1459801
2000,males,45–54,1293736
2000,males,55–64,885310
2000,males,5–14,1368326
2000,males,65–74,627592
2000,males,75–84,336402
2000,males,85+,77038
2001,females,0–4,620632
2001,females,15–24,1291417
2001,females,25–34,1434660
2001,females,35–44,1486398
2001,females,45–54,1323193
2001,females,55–64,897844
2001,females,5–14,1309054
2001,females,65–74,677139
2001,females,75–84,490463
2001,females,85+,182075
2001,males,0–4,653053
2001,males,15–24,1338698
2001,males,25–34,1416749
2001,males,35–44,1466799
2001,males,45–54,1319037
2001,males,55–64,920603
2001,males,5–14,1377494
2001,males,65–74,634822
2001,males,75–84,353204
2001,males,85+,81367
2002,females,0–4,618479
2002,females,15–24,1308817
2002,females,25–34,1433491
2002,females,35–44,1493207
2002,females,45–54,1333337
2002,females,55–64,948246
2002,females,5–14,1312965
2002,females,65–74,681781
2002,females,75–84,501476
2002,females,85+,187928
2002,males,0–4,650563
2002,males,15–24,1358777
2002,males,25–34,1421003
2002,males,35–44,1473452
2002,males,45–54,1325663
2002,males,55–64,968942
2002,males,5–14,1382599
2002,males,65–74,642824
2002,males,75–84,367036
2002,males,85+,84624
2003,females,0–4,618520
2003,females,15–24,1329982
2003,females,25–34,1434248
2003,females,35–44,1496657
2003,females,45–54,1353044
2003,females,55–64,993292
2003,females,5–14,1314670
2003,females,65–74,686926
2003,females,75–84,513485
2003,females,85+,192316
2003,males,0–4,650616
2003,males,15–24,1380398
2003,males,25–34,1424012
2003,males,35–44,1476131
2003,males,45–54,1340010
2003,males,55–64,1011967
2003,males,5–14,1385863
2003,males,65–74,649899
2003,males,75–84,381554
2003,males,85+,87147
2004,females,0–4,618674
2004,females,15–24,1347265
2004,females,25–34,1428947
2004,females,35–44,1501617
2004,females,45–54,1375116
2004,females,55–64,1033957
2004,females,5–14,1316178
2004,females,65–74,694540
2004,females,75–84,523992
2004,females,85+,196485
2004,males,0–4,651502
2004,males,15–24,1401350
2004,males,25–34,1423871
2004,males,35–44,1480004
2004,males,45–54,1359217
2004,males,55–64,1048297
2004,males,5–14,1387870
2004,males,65–74,658864
2004,males,75–84,395183
2004,males,85+,89793
2005,females,0–4,621496
2005,females,15–24,1368394
2005,females,25–34,1427351
2005,females,35–44,1507906
2005,females,45–54,1398134
2005,females,55–64,1076623
2005,females,5–14,1317433
2005,females,65–74,703991
2005,females,75–84,530203
2005,females,85+,205680
2005,males,0–4,656043
2005,males,15–24,1425786
2005,males,25–34,1425720
2005,males,35–44,1488138
2005,males,45–54,1378414
2005,males,55–64,1085108
2005,males,5–14,1388419
2005,males,65–74,669980
2005,males,75–84,405514
2005,males,85+,96511
2006,females,0–4,630082
2006,females,15–24,1390083
2006,females,25–34,1425603
2006,females,35–44,1522355
2006,females,45–54,1423813
2006,females,55–64,1117026
2006,females,5–14,1318563
2006,females,65–74,714875
2006,females,75–84,533716
2006,females,85+,215426
2006,males,0–4,664456
2006,males,15–24,1451034
2006,males,25–34,1430129
2006,males,35–44,1502917
2006,males,45–54,1401754
2006,males,55–64,1119801
2006,males,5–14,1389286
2006,males,65–74,682378
2006,males,75–84,414403
2006,males,85+,103266
2007,females,0–4,650228
2007,females,15–24,1416645
2007,females,25–34,1439314
2007,females,35–44,1540621
2007,females,45–54,1453312
2007,females,55–64,1154962
2007,females,5–14,1320198
2007,females,65–74,735456
2007,females,75–84,537037
2007,females,85+,226213
2007,males,0–4,686251
2007,males,15–24,1487217
2007,males,25–34,1448788
2007,males,35–44,1519296
2007,males,45–54,1429596
2007,males,55–64,1154400
2007,males,5–14,1390184
2007,males,65–74,705429
2007,males,75–84,421552
2007,males,85+,110923
2008,females,0–4,672841
2008,females,15–24,1447280
2008,females,25–34,1470699
2008,females,35–44,1555579
2008,females,45–54,1480279
2008,females,55–64,1194989
2008,females,5–14,1323826
2008,females,65–74,756467
2008,females,75–84,539980
2008,females,85+,235214
2008,males,0–4,710252
2008,males,15–24,1526694
2008,males,25–34,1487653
2008,males,35–44,1533383
2008,males,45–54,1455359
2008,males,55–64,1191221
2008,males,5–14,1393977
2008,males,65–74,728570
2008,males,75–84,427594
2008,males,85+,117342
2009,females,0–4,693715
2009,females,15–24,1478750
2009,females,25–34,1514063
2009,females,35–44,1569622
2009,females,45–54,1504960
2009,females,55–64,1225948
2009,females,5–14,1330765
2009,females,65–74,786140
2009,females,75–84,542671
2009,females,85+,244222
2009,males,0–4,731969
2009,males,15–24,1565064
2009,males,25–34,1539623
2009,males,35–44,1546721
2009,males,45–54,1479552
2009,males,55–64,1218744
2009,males,5–14,1401591
2009,males,65–74,760021
2009,males,75–84,433505
2009,males,85+,124007
2010,females,0–4,707690
2010,females,15–24,1491713
2010,females,25–34,1549508
2010,females,35–44,1580487
2010,females,45–54,1521066
2010,females,55–64,1256972
2010,females,5–14,1336757
2010,females,65–74,818018
2010,females,75–84,546698
2010,females,85+,255010
2010,males,0–4,746322
2010,males,15–24,1573389
2010,males,25–34,1575945
2010,males,35–44,1557161
2010,males,45–54,1494321
2010,males,55–64,1245815
2010,males,5–14,1407929
2010,males,65–74,795271
2010,males,75–84,440094
2010,males,85+,131584
2011,females,0–4,709587
2011,females,15–24,1495053
2011,females,25–34,1584036
2011,females,35–44,1592202
2011,females,45–54,1532126
2011,females,55–64,1288726
2011,females,5–14,1351751
2011,females,65–74,850382
2011,females,75–84,553390
2011,females,85+,264537
2011,males,0–4,748527
2011,males,15–24,1570069
2011,males,25–34,1610295
2011,males,35–44,1568952
2011,males,45–54,1503774
2011,males,55–64,1273267
2011,males,5–14,1423748
2011,males,65–74,831549
2011,males,75–84,448983
2011,males,85+,139070
2012,females,0–4,727468
2012,females,15–24,1508291
2012,females,25–34,1630669
2012,females,35–44,1606679
2012,females,45–54,1543814
2012,females,55–64,1306249
2012,females,5–14,1367640
2012,females,65–74,898683
2012,females,75–84,557503
2012,females,85+,273490
2012,males,0–4,767222
2012,males,15–24,1580791
2012,males,25–34,1657993
2012,males,35–44,1584615
2012,males,45–54,1513367
2012,males,55–64,1283150
2012,males,5–14,1441664
2012,males,65–74,877830
2012,males,75–84,459312
2012,males,85+,147035
2013,females,0–4,741535
2013,females,15–24,1520112
2013,females,25–34,1679755
2013,females,35–44,1616462
2013,females,45–54,1556221
2013,females,55–64,1332428
2013,females,5–14,1389103
2013,females,65–74,940785
2013,females,75–84,563331
2013,females,85+,282232
2013,males,0–4,782840
2013,males,15–24,1591872
2013,males,25–34,1704864
2013,males,35–44,1595709
2013,males,45–54,1522586
2013,males,55–64,1299816
2013,males,5–14,1464448
2013,males,65–74,918268
2013,males,75–84,470236
2013,males,85+,155526
2014,females,0–4,750223
2014,females,15–24,1529770
2014,females,25–34,1724062
2014,females,35–44,1619538
2014,females,45–54,1571390
2014,females,55–64,1361052
2014,females,5–14,1410354
2014,females,65–74,978444
2014,females,75–84,572675
2014,females,85+,290292
2014,males,0–4,791208
2014,males,15–24,1602572
2014,males,25–34,1736672
2014,males,35–44,1599058
2014,males,45–54,1530142
2014,males,55–64,1319560
2014,males,5–14,1487937
2014,males,65–74,953962
2014,males,75–84,482933
2014,males,85+,163842
2015,females,0–4,755529
2015,females,15–24,1537264
2015,females,25–34,1767784
2015,females,35–44,1623603
2015,females,45–54,1584459
2015,females,55–64,1389008
2015,females,5–14,1433679
2015,females,65–74,1017187
2015,females,75–84,582767
2015,females,85+,297063
2015,males,0–4,797038
2015,males,15–24,1608871
2015,males,25–34,1770533
2015,males,35–44,1604565
2015,males,45–54,1537298
2015,males,55–64,1338789
2015,males,5–14,1513271
2015,males,65–74,989503
2015,males,75–84,495902
2015,males,85+,171882
2016,females,0–4,765733
2016,females,15–24,1548679
2016,females,25–34,1808585
2016,females,35–44,1624730
2016,females,45–54,1604950
2016,females,55–64,1419482
2016,females,5–14,1459304
2016,females,65–74,1057318
2016,females,75–84,595646
2016,females,85+,303441
2016,males,0–4,807893
2016,males,15–24,1620549
2016,males,25–34,1799796
2016,males,35–44,1609508
2016,males,45–54,1548456
2016,males,55–64,1361324
2016,males,5–14,1539667
2016,males,65–74,1025951
2016,males,75–84,510657
2016,males,85+,179238
2017,females,0–4,765422
2017,females,15–24,1559844
2017,females,25–34,1844670
2017,females,35–44,1641128
2017,females,45–54,1621596
2017,females,55–64,1451598
2017,females,5–14,1488674
2017,females,65–74,1096110
2017,females,75–84,613352
2017,females,85+,306607
2017,males,0–4,809010
2017,males,15–24,1635390
2017,males,25–34,1833352
2017,males,35–44,1625799
2017,males,45–54,1566338
2017,males,55–64,1388791
2017,males,5–14,1572715
2017,males,65–74,1056762
2017,males,75–84,531175
2017,males,85+,184255
2018,females,0–4,759639
2018,females,15–24,1568680
2018,females,25–34,1870146
2018,females,35–44,1669615
2018,females,45–54,1629778
2018,females,55–64,1479338
2018,females,5–14,1517036
2018,females,65–74,1138307
2018,females,75–84,630752
2018,females,85+,309746
2018,males,0–4,803776
2018,males,15–24,1650088
2018,males,25–34,1858733
2018,males,35–44,1651074
2018,males,45–54,1578106
2018,males,55–64,1413763
2018,males,5–14,1605343
2018,males,65–74,1089215
2018,males,75–84,551112
2018,males,85+,189011
2019,females,0–4,754377
2019,females,15–24,1571006
2019,females,25–34,1894056
2019,females,35–44,1704561
2019,females,45–54,1636091
2019,females,55–64,1507874
2019,females,5–14,1543809
2019,females,65–74,1176401
2019,females,75–84,656003
2019,females,85+,313427
2019,males,0–4,799652
2019,males,15–24,1663943
2019,males,25–34,1884546
2019,males,35–44,1680226
2019,males,45–54,1588342
2019,males,55–64,1439790
2019,males,5–14,1633396
2019,males,65–74,1115644
2019,males,75–84,577380
2019,males,85+,194302
2020,females,0–4,745435
2020,females,15–24,1547205
2020,females,25–34,1899827
2020,females,35–44,1745721
2020,females,45–54,1648254
2020,females,55–64,1540797
2020,females,5–14,1565375
2020,females,65–74,1223175
2020,females,75–84,686316
2020,females,85+,318504
2020,males,0–4,789571
2020,males,15–24,1643515
2020,males,25–34,1894112
2020,males,35–44,1715949
2020,males,45–54,1602930
2020,males,55–64,1465825
2020,males,5–14,1656931
2020,males,65–74,1150660
2020,males,75–84,608435
2020,males,85+,200711
2021,females,0–4,733102
2021,females,15–24,1503170
2021,females,25–34,1861631
2021,females,35–44,1777468
2021,females,45–54,1650100
2021,females,55–64,1542242
2021,females,5–14,1573180
2021,females,65–74,1254860
2021,females,75–84,714839
2021,females,85+,325410
2021,males,0–4,775899
2021,males,15–24,1598946
2021,males,25–34,1859105
2021,males,35–44,1744019
2021,males,45–54,1611609
2021,males,55–64,1474021
2021,males,5–14,1666701
2021,males,65–74,1172442
2021,males,75–84,637850
2021,males,85+,208818
