year,duration,sex,age_group,subtype,prevalence,rate
2012,1,males,5–14,follicular,2,0.1
2012,1,males,15–24,follicular,4,0.3
2012,1,males,25–34,follicular,12,0.7
2012,1,males,35–44,follicular,53,3.3
2012,1,males,45–54,follicular,85,5.6
2012,1,males,55–64,follicular,166,12.8
2012,1,males,65–74,follicular,154,17.1
2012,1,males,75–84,follicular,86,18.5
2012,1,males,85+,follicular,24,15.9
2012,1,females,5–14,follicular,0,0
2012,1,females,15–24,follicular,3,0.2
2012,1,females,25–34,follicular,8,0.5
2012,1,females,35–44,follicular,36,2.2
2012,1,females,45–54,follicular,99,6.4
2012,1,females,55–64,follicular,136,10.3
2012,1,females,65–74,follicular,112,12.2
2012,1,females,75–84,follicular,88,15.7
2012,1,females,85+,follicular,19,6.9
2012,5,males,5–14,follicular,2,0.1
2012,5,males,15–24,follicular,8,0.5
2012,5,males,25–34,follicular,49,2.9
2012,5,males,35–44,follicular,202,12.7
2012,5,males,45–54,follicular,385,25.4
2012,5,males,55–64,follicular,687,53.2
2012,5,males,65–74,follicular,719,80.1
2012,5,males,75–84,follicular,380,81.9
2012,5,males,85+,follicular,104,68.9
2012,5,females,5–14,follicular,0,0
2012,5,females,15–24,follicular,3,0.2
2012,5,females,25–34,follicular,27,1.6
2012,5,females,35–44,follicular,150,9.3
2012,5,females,45–54,follicular,364,23.5
2012,5,females,55–64,follicular,600,45.5
2012,5,females,65–74,follicular,574,62.4
2012,5,females,75–84,follicular,360,64.3
2012,5,females,85+,follicular,136,49.1
2012,10,males,5–14,follicular,2,0.1
2012,10,males,15–24,follicular,15,0.9
2012,10,males,25–34,follicular,66,3.9
2012,10,males,35–44,follicular,290,18.2
2012,10,males,45–54,follicular,651,42.9
2012,10,males,55–64,follicular,1143,88.5
2012,10,males,65–74,follicular,1264,140.8
2012,10,males,75–84,follicular,674,145.2
2012,10,males,85+,follicular,177,117.2
2012,10,females,5–14,follicular,1,0
2012,10,females,15–24,follicular,5,0.3
2012,10,females,25–34,follicular,37,2.2
2012,10,females,35–44,follicular,213,13.2
2012,10,females,45–54,follicular,569,36.7
2012,10,females,55–64,follicular,1023,77.5
2012,10,females,65–74,follicular,1041,113.2
2012,10,females,75–84,follicular,654,116.9
2012,10,females,85+,follicular,240,86.6
2013,1,males,5–14,follicular,1,0
2013,1,males,15–24,follicular,2,0.1
2013,1,males,25–34,follicular,9,0.5
2013,1,males,35–44,follicular,44,2.8
2013,1,males,45–54,follicular,96,6.3
2013,1,males,55–64,follicular,125,9.5
2013,1,males,65–74,follicular,165,17.6
2013,1,males,75–84,follicular,84,17.6
2013,1,males,85+,follicular,26,16.3
2013,1,females,5–14,follicular,0,0
2013,1,females,15–24,follicular,0,0
2013,1,females,25–34,follicular,9,0.5
2013,1,females,35–44,follicular,36,2.2
2013,1,females,45–54,follicular,93,5.9
2013,1,females,55–64,follicular,118,8.8
2013,1,females,65–74,follicular,140,14.6
2013,1,females,75–84,follicular,89,15.7
2013,1,females,85+,follicular,18,6.3
2013,5,males,5–14,follicular,3,0.1
2013,5,males,15–24,follicular,8,0.5
2013,5,males,25–34,follicular,49,2.9
2013,5,males,35–44,follicular,195,12.2
2013,5,males,45–54,follicular,396,25.9
2013,5,males,55–64,follicular,659,50.3
2013,5,males,65–74,follicular,768,82.1
2013,5,males,75–84,follicular,410,86.1
2013,5,males,85+,follicular,121,75.8
2013,5,females,5–14,follicular,0,0
2013,5,females,15–24,follicular,2,0.1
2013,5,females,25–34,follicular,29,1.7
2013,5,females,35–44,follicular,145,9
2013,5,females,45–54,follicular,365,23.3
2013,5,females,55–64,follicular,590,43.8
2013,5,females,65–74,follicular,619,64.5
2013,5,females,75–84,follicular,373,65.7
2013,5,females,85+,follicular,122,42.6
2013,10,males,5–14,follicular,3,0.1
2013,10,males,15–24,follicular,12,0.8
2013,10,males,25–34,follicular,68,4
2013,10,males,35–44,follicular,283,17.7
2013,10,males,45–54,follicular,662,43.4
2013,10,males,55–64,follicular,1135,86.6
2013,10,males,65–74,follicular,1317,140.7
2013,10,males,75–84,follicular,705,148
2013,10,males,85+,follicular,201,125.9
2013,10,females,5–14,follicular,0,0
2013,10,females,15–24,follicular,5,0.3
2013,10,females,25–34,follicular,42,2.5
2013,10,females,35–44,follicular,213,13.2
2013,10,females,45–54,follicular,575,36.8
2013,10,females,55–64,follicular,1029,76.4
2013,10,females,65–74,follicular,1106,115.2
2013,10,females,75–84,follicular,684,120.5
2013,10,females,85+,follicular,244,85.3
2014,1,males,5–14,follicular,1,0
2014,1,males,15–24,follicular,3,0.2
2014,1,males,25–34,follicular,9,0.5
2014,1,males,35–44,follicular,39,2.4
2014,1,males,45–54,follicular,96,6.3
2014,1,males,55–64,follicular,155,11.7
2014,1,males,65–74,follicular,177,18.2
2014,1,males,75–84,follicular,90,18.4
2014,1,males,85+,follicular,26,15.5
2014,1,females,5–14,follicular,0,0
2014,1,females,15–24,follicular,0,0
2014,1,females,25–34,follicular,8,0.5
2014,1,females,35–44,follicular,34,2.1
2014,1,females,45–54,follicular,84,5.3
2014,1,females,55–64,follicular,138,10
2014,1,females,65–74,follicular,156,15.6
2014,1,females,75–84,follicular,82,14.2
2014,1,females,85+,follicular,34,11.6
2014,5,males,5–14,follicular,4,0.2
2014,5,males,15–24,follicular,9,0.6
2014,5,males,25–34,follicular,43,2.5
2014,5,males,35–44,follicular,177,11.1
2014,5,males,45–54,follicular,415,27.1
2014,5,males,55–64,follicular,682,51.3
2014,5,males,65–74,follicular,768,79
2014,5,males,75–84,follicular,420,85.9
2014,5,males,85+,follicular,126,75.1
2014,5,females,5–14,follicular,0,0
2014,5,females,15–24,follicular,2,0.1
2014,5,females,25–34,follicular,27,1.5
2014,5,females,35–44,follicular,137,8.4
2014,5,females,45–54,follicular,365,23.1
2014,5,females,55–64,follicular,604,43.9
2014,5,females,65–74,follicular,671,67.2
2014,5,females,75–84,follicular,358,62
2014,5,females,85+,follicular,126,43
2014,10,males,5–14,follicular,4,0.2
2014,10,males,15–24,follicular,12,0.7
2014,10,males,25–34,follicular,67,3.8
2014,10,males,35–44,follicular,275,17.2
2014,10,males,45–54,follicular,673,43.9
2014,10,males,55–64,follicular,1150,86.5
2014,10,males,65–74,follicular,1376,141.6
2014,10,males,75–84,follicular,752,153.7
2014,10,males,85+,follicular,227,135.2
2014,10,females,5–14,follicular,0,0
2014,10,females,15–24,follicular,4,0.3
2014,10,females,25–34,follicular,40,2.3
2014,10,females,35–44,follicular,202,12.5
2014,10,females,45–54,follicular,590,37.4
2014,10,females,55–64,follicular,1047,76.1
2014,10,females,65–74,follicular,1209,121.1
2014,10,females,75–84,follicular,667,115.5
2014,10,females,85+,follicular,281,95.9
2015,1,males,5–14,follicular,0,0
2015,1,males,15–24,follicular,4,0.2
2015,1,males,25–34,follicular,8,0.4
2015,1,males,35–44,follicular,41,2.6
2015,1,males,45–54,follicular,89,5.8
2015,1,males,55–64,follicular,155,11.5
2015,1,males,65–74,follicular,172,17.1
2015,1,males,75–84,follicular,109,21.7
2015,1,males,85+,follicular,27,15.4
2015,1,females,5–14,follicular,0,0
2015,1,females,15–24,follicular,2,0.1
2015,1,females,25–34,follicular,5,0.3
2015,1,females,35–44,follicular,25,1.5
2015,1,females,45–54,follicular,75,4.7
2015,1,females,55–64,follicular,146,10.4
2015,1,females,65–74,follicular,168,16.2
2015,1,females,75–84,follicular,67,11.4
2015,1,females,85+,follicular,21,7
2015,5,males,5–14,follicular,3,0.1
2015,5,males,15–24,follicular,11,0.7
2015,5,males,25–34,follicular,36,2
2015,5,males,35–44,follicular,170,10.6
2015,5,males,45–54,follicular,403,26.1
2015,5,males,55–64,follicular,686,50.8
2015,5,males,65–74,follicular,786,78
2015,5,males,75–84,follicular,472,93.9
2015,5,males,85+,follicular,131,74.7
2015,5,females,5–14,follicular,0,0
2015,5,females,15–24,follicular,4,0.3
2015,5,females,25–34,follicular,24,1.3
2015,5,females,35–44,follicular,131,8.1
2015,5,females,45–54,follicular,365,22.9
2015,5,females,55–64,follicular,625,44.5
2015,5,females,65–74,follicular,693,66.8
2015,5,females,75–84,follicular,360,61.2
2015,5,females,85+,follicular,135,45.1
2015,10,males,5–14,follicular,3,0.1
2015,10,males,15–24,follicular,14,0.9
2015,10,males,25–34,follicular,57,3.2
2015,10,males,35–44,follicular,266,16.6
2015,10,males,45–54,follicular,660,42.8
2015,10,males,55–64,follicular,1191,88.2
2015,10,males,65–74,follicular,1417,140.6
2015,10,males,75–84,follicular,821,163.2
2015,10,males,85+,follicular,244,139.2
2015,10,females,5–14,follicular,0,0
2015,10,females,15–24,follicular,5,0.3
2015,10,females,25–34,follicular,35,2
2015,10,females,35–44,follicular,198,12.2
2015,10,females,45–54,follicular,585,36.7
2015,10,females,55–64,follicular,1075,76.6
2015,10,females,65–74,follicular,1275,122.9
2015,10,females,75–84,follicular,687,116.7
2015,10,females,85+,follicular,286,95.5
2016,1,males,5–14,follicular,4,0.2
2016,1,males,15–24,follicular,4,0.2
2016,1,males,25–34,follicular,12,0.7
2016,1,males,35–44,follicular,41,2.5
2016,1,males,45–54,follicular,112,7.2
2016,1,males,55–64,follicular,165,12
2016,1,males,65–74,follicular,167,16
2016,1,males,75–84,follicular,104,20
2016,1,males,85+,follicular,33,18.2
2016,1,females,5–14,follicular,0,0
2016,1,females,15–24,follicular,1,0.1
2016,1,females,25–34,follicular,4,0.2
2016,1,females,35–44,follicular,28,1.7
2016,1,females,45–54,follicular,91,5.6
2016,1,females,55–64,follicular,133,9.3
2016,1,females,65–74,follicular,174,16.2
2016,1,females,75–84,follicular,97,16.1
2016,1,females,85+,follicular,27,8.9
2016,5,males,5–14,follicular,6,0.3
2016,5,males,15–24,follicular,15,0.9
2016,5,males,25–34,follicular,36,2
2016,5,males,35–44,follicular,163,10.1
2016,5,males,45–54,follicular,425,27.3
2016,5,males,55–64,follicular,683,49.7
2016,5,males,65–74,follicular,825,79.2
2016,5,males,75–84,follicular,487,93.5
2016,5,males,85+,follicular,139,76.6
2016,5,females,5–14,follicular,0,0
2016,5,females,15–24,follicular,3,0.2
2016,5,females,25–34,follicular,21,1.2
2016,5,females,35–44,follicular,126,7.7
2016,5,females,45–54,follicular,363,22.5
2016,5,females,55–64,follicular,639,44.5
2016,5,females,65–74,follicular,745,69.2
2016,5,females,75–84,follicular,402,66.5
2016,5,females,85+,follicular,152,49.9
2016,10,males,5–14,follicular,6,0.3
2016,10,males,15–24,follicular,18,1.1
2016,10,males,25–34,follicular,53,2.9
2016,10,males,35–44,follicular,266,16.4
2016,10,males,45–54,follicular,673,43.2
2016,10,males,55–64,follicular,1199,87.2
2016,10,males,65–74,follicular,1470,141.1
2016,10,males,75–84,follicular,864,165.9
2016,10,males,85+,follicular,255,140.5
2016,10,females,5–14,follicular,0,0
2016,10,females,15–24,follicular,4,0.3
2016,10,females,25–34,follicular,33,1.8
2016,10,females,35–44,follicular,181,11.1
2016,10,females,45–54,follicular,586,36.3
2016,10,females,55–64,follicular,1100,76.6
2016,10,females,65–74,follicular,1337,124.2
2016,10,females,75–84,follicular,746,123.5
2016,10,females,85+,follicular,301,98.9
2017,1,males,5–14,follicular,1,0
2017,1,males,15–24,follicular,1,0.1
2017,1,males,25–34,follicular,7,0.4
2017,1,males,35–44,follicular,38,2.3
2017,1,males,45–54,follicular,103,6.6
2017,1,males,55–64,follicular,182,13
2017,1,males,65–74,follicular,225,21
2017,1,males,75–84,follicular,118,21.8
2017,1,males,85+,follicular,32,17.2
2017,1,females,5–14,follicular,1,0
2017,1,females,15–24,follicular,1,0.1
2017,1,females,25–34,follicular,9,0.5
2017,1,females,35–44,follicular,31,1.9
2017,1,females,45–54,follicular,99,6.1
2017,1,females,55–64,follicular,155,10.6
2017,1,females,65–74,follicular,172,15.4
2017,1,females,75–84,follicular,105,16.9
2017,1,females,85+,follicular,39,12.7
2017,5,males,5–14,follicular,5,0.2
2017,5,males,15–24,follicular,14,0.9
2017,5,males,25–34,follicular,24,1.3
2017,5,males,35–44,follicular,169,10.3
2017,5,males,45–54,follicular,438,27.9
2017,5,males,55–64,follicular,699,49.9
2017,5,males,65–74,follicular,897,83.6
2017,5,males,75–84,follicular,508,94
2017,5,males,85+,follicular,143,76.9
2017,5,females,5–14,follicular,1,0
2017,5,females,15–24,follicular,2,0.1
2017,5,females,25–34,follicular,21,1.1
2017,5,females,35–44,follicular,121,7.3
2017,5,females,45–54,follicular,376,23.1
2017,5,females,55–64,follicular,632,43.1
2017,5,females,65–74,follicular,799,71.5
2017,5,females,75–84,follicular,456,73.4
2017,5,females,85+,follicular,153,49.9
2017,10,males,5–14,follicular,6,0.3
2017,10,males,15–24,follicular,17,1
2017,10,males,25–34,follicular,46,2.5
2017,10,males,35–44,follicular,263,16.1
2017,10,males,45–54,follicular,708,45
2017,10,males,55–64,follicular,1210,86.4
2017,10,males,65–74,follicular,1577,147
2017,10,males,75–84,follicular,911,168.6
2017,10,males,85+,follicular,261,140.4
2017,10,females,5–14,follicular,1,0
2017,10,females,15–24,follicular,4,0.3
2017,10,females,25–34,follicular,33,1.8
2017,10,females,35–44,follicular,185,11.2
2017,10,females,45–54,follicular,609,37.5
2017,10,females,55–64,follicular,1125,76.8
2017,10,females,65–74,follicular,1384,123.9
2017,10,females,75–84,follicular,823,132.4
2017,10,females,85+,follicular,299,97.5
2018,1,males,5–14,follicular,1,0
2018,1,males,15–24,follicular,2,0.1
2018,1,males,25–34,follicular,9,0.5
2018,1,males,35–44,follicular,29,1.7
2018,1,males,45–54,follicular,78,4.9
2018,1,males,55–64,follicular,166,11.6
2018,1,males,65–74,follicular,239,21.7
2018,1,males,75–84,follicular,137,24.3
2018,1,males,85+,follicular,35,18.3
2018,1,females,5–14,follicular,0,0
2018,1,females,15–24,follicular,2,0.1
2018,1,females,25–34,follicular,5,0.3
2018,1,females,35–44,follicular,20,1.2
2018,1,females,45–54,follicular,67,4.1
2018,1,females,55–64,follicular,135,9
2018,1,females,65–74,follicular,179,15.5
2018,1,females,75–84,follicular,123,19.1
2018,1,females,85+,follicular,33,10.6
2018,5,males,5–14,follicular,5,0.2
2018,5,males,15–24,follicular,14,0.8
2018,5,males,25–34,follicular,27,1.4
2018,5,males,35–44,follicular,160,9.6
2018,5,males,45–54,follicular,411,26
2018,5,males,55–64,follicular,715,50.1
2018,5,males,65–74,follicular,980,88.9
2018,5,males,75–84,follicular,568,100.7
2018,5,males,85+,follicular,149,77.7
2018,5,females,5–14,follicular,1,0
2018,5,females,15–24,follicular,3,0.2
2018,5,females,25–34,follicular,22,1.2
2018,5,females,35–44,follicular,99,5.9
2018,5,females,45–54,follicular,360,22
2018,5,females,55–64,follicular,633,42.4
2018,5,females,65–74,follicular,823,71.1
2018,5,females,75–84,follicular,533,82.9
2018,5,females,85+,follicular,160,51.4
2018,10,males,5–14,follicular,7,0.3
2018,10,males,15–24,follicular,17,1
2018,10,males,25–34,follicular,41,2.2
2018,10,males,35–44,follicular,267,16
2018,10,males,45–54,follicular,686,43.3
2018,10,males,55–64,follicular,1207,84.6
2018,10,males,65–74,follicular,1668,151.4
2018,10,males,75–84,follicular,1004,178
2018,10,males,85+,follicular,293,152.9
2018,10,females,5–14,follicular,1,0
2018,10,females,15–24,follicular,4,0.3
2018,10,females,25–34,follicular,32,1.7
2018,10,females,35–44,follicular,165,9.8
2018,10,females,45–54,follicular,575,35.2
2018,10,females,55–64,follicular,1133,75.9
2018,10,females,65–74,follicular,1429,123.5
2018,10,females,75–84,follicular,916,142.4
2018,10,females,85+,follicular,314,100.8
2019,1,males,5–14,follicular,0,0
2019,1,males,15–24,follicular,3,0.2
2019,1,males,25–34,follicular,9,0.5
2019,1,males,35–44,follicular,36,2.1
2019,1,males,45–54,follicular,115,7.2
2019,1,males,55–64,follicular,188,12.9
2019,1,males,65–74,follicular,228,20.1
2019,1,males,75–84,follicular,138,23.3
2019,1,males,85+,follicular,28,14.2
2019,1,females,5–14,follicular,0,0
2019,1,females,15–24,follicular,1,0.1
2019,1,females,25–34,follicular,5,0.3
2019,1,females,35–44,follicular,27,1.6
2019,1,females,45–54,follicular,78,4.7
2019,1,females,55–64,follicular,150,9.8
2019,1,females,65–74,follicular,162,13.5
2019,1,females,75–84,follicular,113,16.8
2019,1,females,85+,follicular,33,10.5
2019,5,males,5–14,follicular,3,0.1
2019,5,males,15–24,follicular,14,0.8
2019,5,males,25–34,follicular,35,1.8
2019,5,males,35–44,follicular,152,8.9
2019,5,males,45–54,follicular,429,26.9
2019,5,males,55–64,follicular,752,51.7
2019,5,males,65–74,follicular,1014,89.3
2019,5,males,75–84,follicular,597,100.7
2019,5,males,85+,follicular,167,84.6
2019,5,females,5–14,follicular,1,0
2019,5,females,15–24,follicular,4,0.3
2019,5,females,25–34,follicular,20,1.1
2019,5,females,35–44,follicular,97,5.6
2019,5,females,45–54,follicular,339,20.6
2019,5,females,55–64,follicular,670,43.8
2019,5,females,65–74,follicular,805,67
2019,5,females,75–84,follicular,569,84.8
2019,5,females,85+,follicular,158,50.1
2019,10,males,5–14,follicular,5,0.2
2019,10,males,15–24,follicular,16,1
2019,10,males,25–34,follicular,50,2.6
2019,10,males,35–44,follicular,241,14.2
2019,10,males,45–54,follicular,711,44.5
2019,10,males,55–64,follicular,1248,85.8
2019,10,males,65–74,follicular,1745,153.7
2019,10,males,75–84,follicular,1043,175.9
2019,10,males,85+,follicular,310,157.1
2019,10,females,5–14,follicular,1,0
2019,10,females,15–24,follicular,5,0.3
2019,10,females,25–34,follicular,26,1.4
2019,10,females,35–44,follicular,156,9
2019,10,females,45–54,follicular,557,33.9
2019,10,females,55–64,follicular,1161,76
2019,10,females,65–74,follicular,1436,119.5
2019,10,females,75–84,follicular,997,148.5
2019,10,females,85+,follicular,329,104.4
2020,1,males,5–14,follicular,0,0
2020,1,males,15–24,follicular,4,0.2
2020,1,males,25–34,follicular,14,0.7
2020,1,males,35–44,follicular,38,2.2
2020,1,males,45–54,follicular,102,6.3
2020,1,males,55–64,follicular,226,15.4
2020,1,males,65–74,follicular,246,21.2
2020,1,males,75–84,follicular,156,25
2020,1,males,85+,follicular,27,13.2
2020,1,females,5–14,follicular,0,0
2020,1,females,15–24,follicular,1,0.1
2020,1,females,25–34,follicular,9,0.5
2020,1,females,35–44,follicular,31,1.8
2020,1,females,45–54,follicular,74,4.5
2020,1,females,55–64,follicular,172,11.2
2020,1,females,65–74,follicular,210,16.9
2020,1,females,75–84,follicular,144,20.6
2020,1,females,85+,follicular,39,12.1
2020,5,males,5–14,follicular,3,0.1
2020,5,males,15–24,follicular,15,0.9
2020,5,males,25–34,follicular,39,2.1
2020,5,males,35–44,follicular,146,8.4
2020,5,males,45–54,follicular,442,27.5
2020,5,males,55–64,follicular,828,56.3
2020,5,males,65–74,follicular,1049,90.3
2020,5,males,75–84,follicular,680,109.1
2020,5,males,85+,follicular,164,80
2020,5,females,5–14,follicular,1,0
2020,5,females,15–24,follicular,5,0.3
2020,5,females,25–34,follicular,23,1.2
2020,5,females,35–44,follicular,103,5.9
2020,5,females,45–54,follicular,333,20.2
2020,5,females,55–64,follicular,696,45.1
2020,5,females,65–74,follicular,862,69.5
2020,5,females,75–84,follicular,614,87.6
2020,5,females,85+,follicular,184,57.1
2020,10,males,5–14,follicular,5,0.2
2020,10,males,15–24,follicular,18,1.1
2020,10,males,25–34,follicular,56,3
2020,10,males,35–44,follicular,223,12.9
2020,10,males,45–54,follicular,726,45.2
2020,10,males,55–64,follicular,1332,90.6
2020,10,males,65–74,follicular,1778,153
2020,10,males,75–84,follicular,1179,189.2
2020,10,males,85+,follicular,324,158.1
2020,10,females,5–14,follicular,1,0
2020,10,females,15–24,follicular,6,0.4
2020,10,females,25–34,follicular,30,1.6
2020,10,females,35–44,follicular,156,8.9
2020,10,females,45–54,follicular,556,33.7
2020,10,females,55–64,follicular,1191,77.2
2020,10,females,65–74,follicular,1517,122.4
2020,10,females,75–84,follicular,1056,150.7
2020,10,females,85+,follicular,361,112
2021,1,males,5–14,follicular,1,0
2021,1,males,15–24,follicular,4,0.2
2021,1,males,25–34,follicular,11,0.6
2021,1,males,35–44,follicular,33,1.9
2021,1,males,45–54,follicular,100,6.2
2021,1,males,55–64,follicular,189,12.8
2021,1,males,65–74,follicular,225,19.2
2021,1,males,75–84,follicular,147,22.3
2021,1,males,85+,follicular,35,16.4
2021,1,females,5–14,follicular,0,0
2021,1,females,15–24,follicular,1,0.1
2021,1,females,25–34,follicular,6,0.3
2021,1,females,35–44,follicular,26,1.4
2021,1,females,45–54,follicular,64,3.9
2021,1,females,55–64,follicular,148,9.6
2021,1,females,65–74,follicular,177,14
2021,1,females,75–84,follicular,137,18.6
2021,1,females,85+,follicular,35,10.6
2021,5,males,5–14,follicular,2,0.1
2021,5,males,15–24,follicular,13,0.8
2021,5,males,25–34,follicular,40,2.2
2021,5,males,35–44,follicular,137,7.8
2021,5,males,45–54,follicular,418,25.9
2021,5,males,55–64,follicular,868,58.8
2021,5,males,65–74,follicular,1066,90.7
2021,5,males,75–84,follicular,742,112.6
2021,5,males,85+,follicular,175,82.1
2021,5,females,5–14,follicular,1,0
2021,5,females,15–24,follicular,6,0.4
2021,5,females,25–34,follicular,24,1.3
2021,5,females,35–44,follicular,107,6
2021,5,females,45–54,follicular,324,19.6
2021,5,females,55–64,follicular,689,44.7
2021,5,females,65–74,follicular,852,67.6
2021,5,females,75–84,follicular,643,87.2
2021,5,females,85+,follicular,200,60.8
2021,10,males,5–14,follicular,5,0.2
2021,10,males,15–24,follicular,21,1.3
2021,10,males,25–34,follicular,60,3.2
2021,10,males,35–44,follicular,222,12.6
2021,10,males,45–54,follicular,704,43.6
2021,10,males,55–64,follicular,1380,93.5
2021,10,males,65–74,follicular,1788,152.2
2021,10,males,75–84,follicular,1275,193.5
2021,10,males,85+,follicular,341,160
2021,10,females,5–14,follicular,1,0
2021,10,females,15–24,follicular,7,0.5
2021,10,females,25–34,follicular,31,1.7
2021,10,females,35–44,follicular,158,8.8
2021,10,females,45–54,follicular,541,32.7
2021,10,females,55–64,follicular,1191,77.2
2021,10,females,65–74,follicular,1529,121.3
2021,10,females,75–84,follicular,1155,156.7
2021,10,females,85+,follicular,386,117.3
2012,1,males,5–14,mantle_cell,0,0
2012,1,males,15–24,mantle_cell,0,0
2012,1,males,25–34,mantle_cell,0,0
2012,1,males,35–44,mantle_cell,4,0.3
2012,1,males,45–54,mantle_cell,10,0.7
2012,1,males,55–64,mantle_cell,35,2.7
2012,1,males,65–74,mantle_cell,48,5.3
2012,1,males,75–84,mantle_cell,34,7.3
2012,1,males,85+,mantle_cell,7,4.6
2012,1,females,5–14,mantle_cell,0,0
2012,1,females,15–24,mantle_cell,0,0
2012,1,females,25–34,mantle_cell,0,0
2012,1,females,35–44,mantle_cell,1,0.1
2012,1,females,45–54,mantle_cell,2,0.1
2012,1,females,55–64,mantle_cell,10,0.8
2012,1,females,65–74,mantle_cell,19,2.1
2012,1,females,75–84,mantle_cell,24,4.3
2012,1,females,85+,mantle_cell,8,2.9
2012,5,males,5–14,mantle_cell,0,0
2012,5,males,15–24,mantle_cell,0,0
2012,5,males,25–34,mantle_cell,2,0.1
2012,5,males,35–44,mantle_cell,11,0.7
2012,5,males,45–54,mantle_cell,63,4.1
2012,5,males,55–64,mantle_cell,134,10.4
2012,5,males,65–74,mantle_cell,164,18.3
2012,5,males,75–84,mantle_cell,136,29.3
2012,5,males,85+,mantle_cell,34,22.5
2012,5,females,5–14,mantle_cell,0,0
2012,5,females,15–24,mantle_cell,0,0
2012,5,females,25–34,mantle_cell,1,0.1
2012,5,females,35–44,mantle_cell,3,0.2
2012,5,females,45–54,mantle_cell,14,0.9
2012,5,females,55–64,mantle_cell,38,2.9
2012,5,females,65–74,mantle_cell,58,6.3
2012,5,females,75–84,mantle_cell,79,14.1
2012,5,females,85+,mantle_cell,20,7.2
2012,10,males,5–14,mantle_cell,0,0
2012,10,males,15–24,mantle_cell,0,0
2012,10,males,25–34,mantle_cell,2,0.1
2012,10,males,35–44,mantle_cell,18,1.1
2012,10,males,45–54,mantle_cell,77,5.1
2012,10,males,55–64,mantle_cell,189,14.6
2012,10,males,65–74,mantle_cell,236,26.3
2012,10,males,75–84,mantle_cell,191,41.1
2012,10,males,85+,mantle_cell,43,28.5
2012,10,females,5–14,mantle_cell,0,0
2012,10,females,15–24,mantle_cell,0,0
2012,10,females,25–34,mantle_cell,1,0.1
2012,10,females,35–44,mantle_cell,6,0.4
2012,10,females,45–54,mantle_cell,19,1.2
2012,10,females,55–64,mantle_cell,54,4.1
2012,10,females,65–74,mantle_cell,86,9.4
2012,10,females,75–84,mantle_cell,101,18
2012,10,females,85+,mantle_cell,28,10.1
2013,1,males,5–14,mantle_cell,0,0
2013,1,males,15–24,mantle_cell,0,0
2013,1,males,25–34,mantle_cell,1,0.1
2013,1,males,35–44,mantle_cell,1,0.1
2013,1,males,45–54,mantle_cell,7,0.5
2013,1,males,55–64,mantle_cell,45,3.4
2013,1,males,65–74,mantle_cell,54,5.8
2013,1,males,75–84,mantle_cell,39,8.2
2013,1,males,85+,mantle_cell,10,6.3
2013,1,females,5–14,mantle_cell,0,0
2013,1,females,15–24,mantle_cell,0,0
2013,1,females,25–34,mantle_cell,0,0
2013,1,females,35–44,mantle_cell,0,0
2013,1,females,45–54,mantle_cell,7,0.4
2013,1,females,55–64,mantle_cell,6,0.4
2013,1,females,65–74,mantle_cell,15,1.6
2013,1,females,75–84,mantle_cell,30,5.3
2013,1,females,85+,mantle_cell,10,3.5
2013,5,males,5–14,mantle_cell,0,0
2013,5,males,15–24,mantle_cell,0,0
2013,5,males,25–34,mantle_cell,2,0.1
2013,5,males,35–44,mantle_cell,7,0.4
2013,5,males,45–54,mantle_cell,55,3.6
2013,5,males,55–64,mantle_cell,143,10.9
2013,5,males,65–74,mantle_cell,186,19.9
2013,5,males,75–84,mantle_cell,132,27.7
2013,5,males,85+,mantle_cell,32,20
2013,5,females,5–14,mantle_cell,0,0
2013,5,females,15–24,mantle_cell,0,0
2013,5,females,25–34,mantle_cell,1,0.1
2013,5,females,35–44,mantle_cell,2,0.1
2013,5,females,45–54,mantle_cell,18,1.2
2013,5,females,55–64,mantle_cell,37,2.7
2013,5,females,65–74,mantle_cell,56,5.8
2013,5,females,75–84,mantle_cell,85,15
2013,5,females,85+,mantle_cell,28,9.8
2013,10,males,5–14,mantle_cell,0,0
2013,10,males,15–24,mantle_cell,0,0
2013,10,males,25–34,mantle_cell,2,0.1
2013,10,males,35–44,mantle_cell,13,0.8
2013,10,males,45–54,mantle_cell,74,4.8
2013,10,males,55–64,mantle_cell,199,15.2
2013,10,males,65–74,mantle_cell,266,28.4
2013,10,males,75–84,mantle_cell,195,40.9
2013,10,males,85+,mantle_cell,43,26.9
2013,10,females,5–14,mantle_cell,0,0
2013,10,females,15–24,mantle_cell,0,0
2013,10,females,25–34,mantle_cell,1,0.1
2013,10,females,35–44,mantle_cell,5,0.3
2013,10,females,45–54,mantle_cell,22,1.4
2013,10,females,55–64,mantle_cell,58,4.3
2013,10,females,65–74,mantle_cell,81,8.4
2013,10,females,75–84,mantle_cell,119,21
2013,10,females,85+,mantle_cell,35,12.2
2014,1,males,5–14,mantle_cell,0,0
2014,1,males,15–24,mantle_cell,0,0
2014,1,males,25–34,mantle_cell,0,0
2014,1,males,35–44,mantle_cell,6,0.4
2014,1,males,45–54,mantle_cell,16,1
2014,1,males,55–64,mantle_cell,38,2.9
2014,1,males,65–74,mantle_cell,57,5.9
2014,1,males,75–84,mantle_cell,43,8.8
2014,1,males,85+,mantle_cell,12,7.1
2014,1,females,5–14,mantle_cell,0,0
2014,1,females,15–24,mantle_cell,0,0
2014,1,females,25–34,mantle_cell,0,0
2014,1,females,35–44,mantle_cell,0,0
2014,1,females,45–54,mantle_cell,4,0.3
2014,1,females,55–64,mantle_cell,12,0.9
2014,1,females,65–74,mantle_cell,31,3.1
2014,1,females,75–84,mantle_cell,20,3.5
2014,1,females,85+,mantle_cell,7,2.4
2014,5,males,5–14,mantle_cell,0,0
2014,5,males,15–24,mantle_cell,0,0
2014,5,males,25–34,mantle_cell,1,0.1
2014,5,males,35–44,mantle_cell,11,0.7
2014,5,males,45–54,mantle_cell,52,3.4
2014,5,males,55–64,mantle_cell,147,11.1
2014,5,males,65–74,mantle_cell,208,21.4
2014,5,males,75–84,mantle_cell,136,27.8
2014,5,males,85+,mantle_cell,38,22.6
2014,5,females,5–14,mantle_cell,0,0
2014,5,females,15–24,mantle_cell,0,0
2014,5,females,25–34,mantle_cell,0,0
2014,5,females,35–44,mantle_cell,1,0.1
2014,5,females,45–54,mantle_cell,20,1.3
2014,5,females,55–64,mantle_cell,40,2.9
2014,5,females,65–74,mantle_cell,79,7.9
2014,5,females,75–84,mantle_cell,85,14.7
2014,5,females,85+,mantle_cell,32,10.9
2014,10,males,5–14,mantle_cell,0,0
2014,10,males,15–24,mantle_cell,0,0
2014,10,males,25–34,mantle_cell,2,0.1
2014,10,males,35–44,mantle_cell,16,1
2014,10,males,45–54,mantle_cell,79,5.2
2014,10,males,55–64,mantle_cell,205,15.4
2014,10,males,65–74,mantle_cell,285,29.3
2014,10,males,75–84,mantle_cell,204,41.7
2014,10,males,85+,mantle_cell,60,35.7
2014,10,females,5–14,mantle_cell,0,0
2014,10,females,15–24,mantle_cell,0,0
2014,10,females,25–34,mantle_cell,1,0.1
2014,10,females,35–44,mantle_cell,3,0.2
2014,10,females,45–54,mantle_cell,24,1.5
2014,10,females,55–64,mantle_cell,62,4.5
2014,10,females,65–74,mantle_cell,102,10.2
2014,10,females,75–84,mantle_cell,120,20.8
2014,10,females,85+,mantle_cell,44,15
2015,1,males,5–14,mantle_cell,0,0
2015,1,males,15–24,mantle_cell,0,0
2015,1,males,25–34,mantle_cell,1,0.1
2015,1,males,35–44,mantle_cell,3,0.2
2015,1,males,45–54,mantle_cell,16,1
2015,1,males,55–64,mantle_cell,33,2.4
2015,1,males,65–74,mantle_cell,49,4.9
2015,1,males,75–84,mantle_cell,41,8.2
2015,1,males,85+,mantle_cell,15,8.6
2015,1,females,5–14,mantle_cell,0,0
2015,1,females,15–24,mantle_cell,0,0
2015,1,females,25–34,mantle_cell,0,0
2015,1,females,35–44,mantle_cell,1,0.1
2015,1,females,45–54,mantle_cell,5,0.3
2015,1,females,55–64,mantle_cell,10,0.7
2015,1,females,65–74,mantle_cell,30,2.9
2015,1,females,75–84,mantle_cell,22,3.7
2015,1,females,85+,mantle_cell,10,3.3
2015,5,males,5–14,mantle_cell,0,0
2015,5,males,15–24,mantle_cell,0,0
2015,5,males,25–34,mantle_cell,2,0.1
2015,5,males,35–44,mantle_cell,12,0.7
2015,5,males,45–54,mantle_cell,47,3
2015,5,males,55–64,mantle_cell,145,10.7
2015,5,males,65–74,mantle_cell,204,20.2
2015,5,males,75–84,mantle_cell,144,28.6
2015,5,males,85+,mantle_cell,46,26.2
2015,5,females,5–14,mantle_cell,0,0
2015,5,females,15–24,mantle_cell,0,0
2015,5,females,25–34,mantle_cell,0,0
2015,5,females,35–44,mantle_cell,1,0.1
2015,5,females,45–54,mantle_cell,19,1.2
2015,5,females,55–64,mantle_cell,42,3
2015,5,females,65–74,mantle_cell,95,9.2
2015,5,females,75–84,mantle_cell,94,16
2015,5,females,85+,mantle_cell,34,11.4
2015,10,males,5–14,mantle_cell,0,0
2015,10,males,15–24,mantle_cell,0,0
2015,10,males,25–34,mantle_cell,3,0.2
2015,10,males,35–44,mantle_cell,14,0.9
2015,10,males,45–54,mantle_cell,76,4.9
2015,10,males,55–64,mantle_cell,208,15.4
2015,10,males,65–74,mantle_cell,289,28.7
2015,10,males,75–84,mantle_cell,212,42.2
2015,10,males,85+,mantle_cell,75,42.8
2015,10,females,5–14,mantle_cell,0,0
2015,10,females,15–24,mantle_cell,0,0
2015,10,females,25–34,mantle_cell,1,0.1
2015,10,females,35–44,mantle_cell,3,0.2
2015,10,females,45–54,mantle_cell,22,1.4
2015,10,females,55–64,mantle_cell,66,4.7
2015,10,females,65–74,mantle_cell,118,11.4
2015,10,females,75–84,mantle_cell,127,21.6
2015,10,females,85+,mantle_cell,49,16.4
2016,1,males,5–14,mantle_cell,0,0
2016,1,males,15–24,mantle_cell,0,0
2016,1,males,25–34,mantle_cell,0,0
2016,1,males,35–44,mantle_cell,3,0.2
2016,1,males,45–54,mantle_cell,9,0.6
2016,1,males,55–64,mantle_cell,45,3.3
2016,1,males,65–74,mantle_cell,53,5.1
2016,1,males,75–84,mantle_cell,47,9
2016,1,males,85+,mantle_cell,15,8.3
2016,1,females,5–14,mantle_cell,0,0
2016,1,females,15–24,mantle_cell,0,0
2016,1,females,25–34,mantle_cell,0,0
2016,1,females,35–44,mantle_cell,1,0.1
2016,1,females,45–54,mantle_cell,4,0.2
2016,1,females,55–64,mantle_cell,21,1.5
2016,1,females,65–74,mantle_cell,18,1.7
2016,1,females,75–84,mantle_cell,14,2.3
2016,1,females,85+,mantle_cell,4,1.3
2016,5,males,5–14,mantle_cell,0,0
2016,5,males,15–24,mantle_cell,0,0
2016,5,males,25–34,mantle_cell,1,0.1
2016,5,males,35–44,mantle_cell,12,0.7
2016,5,males,45–54,mantle_cell,36,2.3
2016,5,males,55–64,mantle_cell,152,11.1
2016,5,males,65–74,mantle_cell,211,20.3
2016,5,males,75–84,mantle_cell,155,29.8
2016,5,males,85+,mantle_cell,56,30.9
2016,5,females,5–14,mantle_cell,0,0
2016,5,females,15–24,mantle_cell,0,0
2016,5,females,25–34,mantle_cell,0,0
2016,5,females,35–44,mantle_cell,2,0.1
2016,5,females,45–54,mantle_cell,17,1.1
2016,5,females,55–64,mantle_cell,50,3.5
2016,5,females,65–74,mantle_cell,89,8.3
2016,5,females,75–84,mantle_cell,92,15.2
2016,5,females,85+,mantle_cell,28,9.2
2016,10,males,5–14,mantle_cell,0,0
2016,10,males,15–24,mantle_cell,0,0
2016,10,males,25–34,mantle_cell,2,0.1
2016,10,males,35–44,mantle_cell,14,0.9
2016,10,males,45–54,mantle_cell,66,4.2
2016,10,males,55–64,mantle_cell,225,16.4
2016,10,males,65–74,mantle_cell,301,28.9
2016,10,males,75–84,mantle_cell,221,42.4
2016,10,males,85+,mantle_cell,86,47.4
2016,10,females,5–14,mantle_cell,0,0
2016,10,females,15–24,mantle_cell,0,0
2016,10,females,25–34,mantle_cell,1,0.1
2016,10,females,35–44,mantle_cell,3,0.2
2016,10,females,45–54,mantle_cell,24,1.5
2016,10,females,55–64,mantle_cell,78,5.4
2016,10,females,65–74,mantle_cell,124,11.5
2016,10,females,75–84,mantle_cell,126,20.9
2016,10,females,85+,mantle_cell,52,17.1
2017,1,males,5–14,mantle_cell,0,0
2017,1,males,15–24,mantle_cell,0,0
2017,1,males,25–34,mantle_cell,0,0
2017,1,males,35–44,mantle_cell,3,0.2
2017,1,males,45–54,mantle_cell,15,1
2017,1,males,55–64,mantle_cell,54,3.9
2017,1,males,65–74,mantle_cell,76,7.1
2017,1,males,75–84,mantle_cell,54,10
2017,1,males,85+,mantle_cell,12,6.5
2017,1,females,5–14,mantle_cell,0,0
2017,1,females,15–24,mantle_cell,0,0
2017,1,females,25–34,mantle_cell,0,0
2017,1,females,35–44,mantle_cell,2,0.1
2017,1,females,45–54,mantle_cell,11,0.7
2017,1,females,55–64,mantle_cell,14,1
2017,1,females,65–74,mantle_cell,23,2.1
2017,1,females,75–84,mantle_cell,20,3.2
2017,1,females,85+,mantle_cell,7,2.3
2017,5,males,5–14,mantle_cell,0,0
2017,5,males,15–24,mantle_cell,0,0
2017,5,males,25–34,mantle_cell,0,0
2017,5,males,35–44,mantle_cell,11,0.7
2017,5,males,45–54,mantle_cell,47,3
2017,5,males,55–64,mantle_cell,165,11.8
2017,5,males,65–74,mantle_cell,242,22.6
2017,5,males,75–84,mantle_cell,176,32.6
2017,5,males,85+,mantle_cell,50,26.9
2017,5,females,5–14,mantle_cell,0,0
2017,5,females,15–24,mantle_cell,0,0
2017,5,females,25–34,mantle_cell,0,0
2017,5,females,35–44,mantle_cell,3,0.2
2017,5,females,45–54,mantle_cell,24,1.5
2017,5,females,55–64,mantle_cell,53,3.6
2017,5,females,65–74,mantle_cell,90,8.1
2017,5,females,75–84,mantle_cell,92,14.8
2017,5,females,85+,mantle_cell,32,10.4
2017,10,males,5–14,mantle_cell,0,0
2017,10,males,15–24,mantle_cell,0,0
2017,10,males,25–34,mantle_cell,1,0.1
2017,10,males,35–44,mantle_cell,14,0.9
2017,10,males,45–54,mantle_cell,73,4.6
2017,10,males,55–64,mantle_cell,240,17.1
2017,10,males,65–74,mantle_cell,349,32.5
2017,10,males,75–84,mantle_cell,248,45.9
2017,10,males,85+,mantle_cell,79,42.5
2017,10,females,5–14,mantle_cell,0,0
2017,10,females,15–24,mantle_cell,0,0
2017,10,females,25–34,mantle_cell,1,0.1
2017,10,females,35–44,mantle_cell,3,0.2
2017,10,females,45–54,mantle_cell,29,1.8
2017,10,females,55–64,mantle_cell,78,5.3
2017,10,females,65–74,mantle_cell,125,11.2
2017,10,females,75–84,mantle_cell,138,22.2
2017,10,females,85+,mantle_cell,53,17.3
2018,1,males,5–14,mantle_cell,0,0
2018,1,males,15–24,mantle_cell,0,0
2018,1,males,25–34,mantle_cell,0,0
2018,1,males,35–44,mantle_cell,2,0.1
2018,1,males,45–54,mantle_cell,13,0.8
2018,1,males,55–64,mantle_cell,38,2.7
2018,1,males,65–74,mantle_cell,59,5.4
2018,1,males,75–84,mantle_cell,53,9.4
2018,1,males,85+,mantle_cell,17,8.9
2018,1,females,5–14,mantle_cell,0,0
2018,1,females,15–24,mantle_cell,0,0
2018,1,females,25–34,mantle_cell,0,0
2018,1,females,35–44,mantle_cell,0,0
2018,1,females,45–54,mantle_cell,4,0.2
2018,1,females,55–64,mantle_cell,16,1.1
2018,1,females,65–74,mantle_cell,27,2.3
2018,1,females,75–84,mantle_cell,17,2.6
2018,1,females,85+,mantle_cell,8,2.6
2018,5,males,5–14,mantle_cell,0,0
2018,5,males,15–24,mantle_cell,0,0
2018,5,males,25–34,mantle_cell,0,0
2018,5,males,35–44,mantle_cell,11,0.7
2018,5,males,45–54,mantle_cell,50,3.2
2018,5,males,55–64,mantle_cell,171,12
2018,5,males,65–74,mantle_cell,243,22.1
2018,5,males,75–84,mantle_cell,208,36.9
2018,5,males,85+,mantle_cell,50,26.1
2018,5,females,5–14,mantle_cell,0,0
2018,5,females,15–24,mantle_cell,0,0
2018,5,females,25–34,mantle_cell,0,0
2018,5,females,35–44,mantle_cell,1,0.1
2018,5,females,45–54,mantle_cell,20,1.2
2018,5,females,55–64,mantle_cell,59,4
2018,5,females,65–74,mantle_cell,101,8.7
2018,5,females,75–84,mantle_cell,89,13.8
2018,5,females,85+,mantle_cell,29,9.3
2018,10,males,5–14,mantle_cell,0,0
2018,10,males,15–24,mantle_cell,0,0
2018,10,males,25–34,mantle_cell,0,0
2018,10,males,35–44,mantle_cell,14,0.8
2018,10,males,45–54,mantle_cell,69,4.4
2018,10,males,55–64,mantle_cell,247,17.3
2018,10,males,65–74,mantle_cell,371,33.7
2018,10,males,75–84,mantle_cell,286,50.7
2018,10,males,85+,mantle_cell,83,43.3
2018,10,females,5–14,mantle_cell,0,0
2018,10,females,15–24,mantle_cell,0,0
2018,10,females,25–34,mantle_cell,1,0.1
2018,10,females,35–44,mantle_cell,1,0.1
2018,10,females,45–54,mantle_cell,27,1.7
2018,10,females,55–64,mantle_cell,80,5.4
2018,10,females,65–74,mantle_cell,139,12
2018,10,females,75–84,mantle_cell,136,21.1
2018,10,females,85+,mantle_cell,57,18.3
2019,1,males,5–14,mantle_cell,0,0
2019,1,males,15–24,mantle_cell,1,0.1
2019,1,males,25–34,mantle_cell,2,0.1
2019,1,males,35–44,mantle_cell,3,0.2
2019,1,males,45–54,mantle_cell,17,1.1
2019,1,males,55–64,mantle_cell,51,3.5
2019,1,males,65–74,mantle_cell,76,6.7
2019,1,males,75–84,mantle_cell,57,9.6
2019,1,males,85+,mantle_cell,19,9.6
2019,1,females,5–14,mantle_cell,0,0
2019,1,females,15–24,mantle_cell,0,0
2019,1,females,25–34,mantle_cell,0,0
2019,1,females,35–44,mantle_cell,1,0.1
2019,1,females,45–54,mantle_cell,5,0.3
2019,1,females,55–64,mantle_cell,14,0.9
2019,1,females,65–74,mantle_cell,21,1.7
2019,1,females,75–84,mantle_cell,15,2.2
2019,1,females,85+,mantle_cell,6,1.9
2019,5,males,5–14,mantle_cell,0,0
2019,5,males,15–24,mantle_cell,1,0.1
2019,5,males,25–34,mantle_cell,2,0.1
2019,5,males,35–44,mantle_cell,10,0.6
2019,5,males,45–54,mantle_cell,57,3.6
2019,5,males,55–64,mantle_cell,169,11.6
2019,5,males,65–74,mantle_cell,276,24.3
2019,5,males,75–84,mantle_cell,204,34.4
2019,5,males,85+,mantle_cell,64,32.4
2019,5,females,5–14,mantle_cell,0,0
2019,5,females,15–24,mantle_cell,0,0
2019,5,females,25–34,mantle_cell,0,0
2019,5,females,35–44,mantle_cell,2,0.1
2019,5,females,45–54,mantle_cell,20,1.2
2019,5,females,55–64,mantle_cell,62,4.1
2019,5,females,65–74,mantle_cell,99,8.2
2019,5,females,75–84,mantle_cell,83,12.4
2019,5,females,85+,mantle_cell,28,8.9
2019,10,males,5–14,mantle_cell,0,0
2019,10,males,15–24,mantle_cell,1,0.1
2019,10,males,25–34,mantle_cell,2,0.1
2019,10,males,35–44,mantle_cell,11,0.6
2019,10,males,45–54,mantle_cell,77,4.8
2019,10,males,55–64,mantle_cell,247,17
2019,10,males,65–74,mantle_cell,414,36.5
2019,10,males,75–84,mantle_cell,305,51.4
2019,10,males,85+,mantle_cell,97,49.1
2019,10,females,5–14,mantle_cell,0,0
2019,10,females,15–24,mantle_cell,0,0
2019,10,females,25–34,mantle_cell,0,0
2019,10,females,35–44,mantle_cell,2,0.1
2019,10,females,45–54,mantle_cell,25,1.5
2019,10,females,55–64,mantle_cell,90,5.9
2019,10,females,65–74,mantle_cell,141,11.7
2019,10,females,75–84,mantle_cell,136,20.3
2019,10,females,85+,mantle_cell,56,17.8
2020,1,males,5–14,mantle_cell,0,0
2020,1,males,15–24,mantle_cell,0,0
2020,1,males,25–34,mantle_cell,0,0
2020,1,males,35–44,mantle_cell,4,0.2
2020,1,males,45–54,mantle_cell,17,1.1
2020,1,males,55–64,mantle_cell,40,2.7
2020,1,males,65–74,mantle_cell,92,7.9
2020,1,males,75–84,mantle_cell,56,9
2020,1,males,85+,mantle_cell,16,7.8
2020,1,females,5–14,mantle_cell,0,0
2020,1,females,15–24,mantle_cell,1,0.1
2020,1,females,25–34,mantle_cell,1,0.1
2020,1,females,35–44,mantle_cell,1,0.1
2020,1,females,45–54,mantle_cell,5,0.3
2020,1,females,55–64,mantle_cell,16,1
2020,1,females,65–74,mantle_cell,26,2.1
2020,1,females,75–84,mantle_cell,13,1.9
2020,1,females,85+,mantle_cell,13,4
2020,5,males,5–14,mantle_cell,0,0
2020,5,males,15–24,mantle_cell,1,0.1
2020,5,males,25–34,mantle_cell,2,0.1
2020,5,males,35–44,mantle_cell,10,0.6
2020,5,males,45–54,mantle_cell,60,3.7
2020,5,males,55–64,mantle_cell,167,11.4
2020,5,males,65–74,mantle_cell,309,26.6
2020,5,males,75–84,mantle_cell,222,35.6
2020,5,males,85+,mantle_cell,71,34.6
2020,5,females,5–14,mantle_cell,0,0
2020,5,females,15–24,mantle_cell,1,0.1
2020,5,females,25–34,mantle_cell,1,0.1
2020,5,females,35–44,mantle_cell,3,0.2
2020,5,females,45–54,mantle_cell,21,1.3
2020,5,females,55–64,mantle_cell,51,3.3
2020,5,females,65–74,mantle_cell,111,9
2020,5,females,75–84,mantle_cell,75,10.7
2020,5,females,85+,mantle_cell,31,9.6
2020,10,males,5–14,mantle_cell,0,0
2020,10,males,15–24,mantle_cell,1,0.1
2020,10,males,25–34,mantle_cell,2,0.1
2020,10,males,35–44,mantle_cell,11,0.6
2020,10,males,45–54,mantle_cell,81,5
2020,10,males,55–64,mantle_cell,241,16.4
2020,10,males,65–74,mantle_cell,455,39.2
2020,10,males,75–84,mantle_cell,330,52.9
2020,10,males,85+,mantle_cell,114,55.6
2020,10,females,5–14,mantle_cell,0,0
2020,10,females,15–24,mantle_cell,1,0.1
2020,10,females,25–34,mantle_cell,1,0.1
2020,10,females,35–44,mantle_cell,3,0.2
2020,10,females,45–54,mantle_cell,25,1.5
2020,10,females,55–64,mantle_cell,83,5.4
2020,10,females,65–74,mantle_cell,162,13.1
2020,10,females,75–84,mantle_cell,139,19.8
2020,10,females,85+,mantle_cell,62,19.2
2021,1,males,5–14,mantle_cell,0,0
2021,1,males,15–24,mantle_cell,0,0
2021,1,males,25–34,mantle_cell,0,0
2021,1,males,35–44,mantle_cell,1,0.1
2021,1,males,45–54,mantle_cell,19,1.2
2021,1,males,55–64,mantle_cell,42,2.8
2021,1,males,65–74,mantle_cell,50,4.3
2021,1,males,75–84,mantle_cell,46,7
2021,1,males,85+,mantle_cell,15,7
2021,1,females,5–14,mantle_cell,0,0
2021,1,females,15–24,mantle_cell,0,0
2021,1,females,25–34,mantle_cell,0,0
2021,1,females,35–44,mantle_cell,0,0
2021,1,females,45–54,mantle_cell,5,0.3
2021,1,females,55–64,mantle_cell,9,0.6
2021,1,females,65–74,mantle_cell,24,1.9
2021,1,females,75–84,mantle_cell,17,2.3
2021,1,females,85+,mantle_cell,11,3.3
2021,5,males,5–14,mantle_cell,0,0
2021,5,males,15–24,mantle_cell,1,0.1
2021,5,males,25–34,mantle_cell,1,0.1
2021,5,males,35–44,mantle_cell,10,0.6
2021,5,males,45–54,mantle_cell,64,4
2021,5,males,55–64,mantle_cell,164,11.1
2021,5,males,65–74,mantle_cell,292,24.9
2021,5,males,75–84,mantle_cell,230,34.9
2021,5,males,85+,mantle_cell,68,31.9
2021,5,females,5–14,mantle_cell,0,0
2021,5,females,15–24,mantle_cell,0,0
2021,5,females,25–34,mantle_cell,2,0.1
2021,5,females,35–44,mantle_cell,3,0.2
2021,5,females,45–54,mantle_cell,20,1.2
2021,5,females,55–64,mantle_cell,44,2.9
2021,5,females,65–74,mantle_cell,105,8.3
2021,5,females,75–84,mantle_cell,86,11.7
2021,5,females,85+,mantle_cell,36,10.9
2021,10,males,5–14,mantle_cell,0,0
2021,10,males,15–24,mantle_cell,1,0.1
2021,10,males,25–34,mantle_cell,1,0.1
2021,10,males,35–44,mantle_cell,12,0.7
2021,10,males,45–54,mantle_cell,85,5.3
2021,10,males,55–64,mantle_cell,235,15.9
2021,10,males,65–74,mantle_cell,441,37.5
2021,10,males,75–84,mantle_cell,358,54.3
2021,10,males,85+,mantle_cell,116,54.4
2021,10,females,5–14,mantle_cell,0,0
2021,10,females,15–24,mantle_cell,0,0
2021,10,females,25–34,mantle_cell,2,0.1
2021,10,females,35–44,mantle_cell,3,0.2
2021,10,females,45–54,mantle_cell,26,1.6
2021,10,females,55–64,mantle_cell,75,4.9
2021,10,females,65–74,mantle_cell,158,12.5
2021,10,females,75–84,mantle_cell,153,20.8
2021,10,females,85+,mantle_cell,68,20.7
2012,1,males,5–14,dlbcl,3,0.1
2012,1,males,15–24,dlbcl,10,0.6
2012,1,males,25–34,dlbcl,12,0.7
2012,1,males,35–44,dlbcl,46,2.9
2012,1,males,45–54,dlbcl,108,7.1
2012,1,males,55–64,dlbcl,180,13.9
2012,1,males,65–74,dlbcl,255,28.4
2012,1,males,75–84,dlbcl,189,40.7
2012,1,males,85+,dlbcl,61,40.4
2012,1,females,5–14,dlbcl,1,0
2012,1,females,15–24,dlbcl,4,0.3
2012,1,females,25–34,dlbcl,10,0.6
2012,1,females,35–44,dlbcl,31,1.9
2012,1,females,45–54,dlbcl,80,5.2
2012,1,females,55–64,dlbcl,127,9.6
2012,1,females,65–74,dlbcl,153,16.6
2012,1,females,75–84,dlbcl,166,29.7
2012,1,females,85+,dlbcl,66,23.8
2012,5,males,5–14,dlbcl,8,0.4
2012,5,males,15–24,dlbcl,45,2.8
2012,5,males,25–34,dlbcl,88,5.2
2012,5,males,35–44,dlbcl,188,11.8
2012,5,males,45–54,dlbcl,380,25
2012,5,males,55–64,dlbcl,694,53.7
2012,5,males,65–74,dlbcl,902,100.4
2012,5,males,75–84,dlbcl,675,145.4
2012,5,males,85+,dlbcl,201,133.1
2012,5,females,5–14,dlbcl,7,0.3
2012,5,females,15–24,dlbcl,25,1.7
2012,5,females,25–34,dlbcl,58,3.5
2012,5,females,35–44,dlbcl,133,8.2
2012,5,females,45–54,dlbcl,256,16.5
2012,5,females,55–64,dlbcl,533,40.4
2012,5,females,65–74,dlbcl,668,72.6
2012,5,females,75–84,dlbcl,611,109.2
2012,5,females,85+,dlbcl,236,85.2
2012,10,males,5–14,dlbcl,11,0.5
2012,10,males,15–24,dlbcl,68,4.3
2012,10,males,25–34,dlbcl,157,9.3
2012,10,males,35–44,dlbcl,299,18.8
2012,10,males,45–54,dlbcl,603,39.7
2012,10,males,55–64,dlbcl,1072,83
2012,10,males,65–74,dlbcl,1412,157.2
2012,10,males,75–84,dlbcl,1102,237.4
2012,10,males,85+,dlbcl,353,233.8
2012,10,females,5–14,dlbcl,8,0.4
2012,10,females,15–24,dlbcl,30,2
2012,10,females,25–34,dlbcl,108,6.5
2012,10,females,35–44,dlbcl,216,13.4
2012,10,females,45–54,dlbcl,390,25.2
2012,10,females,55–64,dlbcl,826,62.6
2012,10,females,65–74,dlbcl,1051,114.3
2012,10,females,75–84,dlbcl,950,169.7
2012,10,females,85+,dlbcl,445,160.6
2013,1,males,5–14,dlbcl,1,0
2013,1,males,15–24,dlbcl,9,0.6
2013,1,males,25–34,dlbcl,22,1.3
2013,1,males,35–44,dlbcl,48,3
2013,1,males,45–54,dlbcl,98,6.4
2013,1,males,55–64,dlbcl,166,12.7
2013,1,males,65–74,dlbcl,255,27.2
2013,1,males,75–84,dlbcl,206,43.2
2013,1,males,85+,dlbcl,59,37
2013,1,females,5–14,dlbcl,0,0
2013,1,females,15–24,dlbcl,2,0.1
2013,1,females,25–34,dlbcl,12,0.7
2013,1,females,35–44,dlbcl,31,1.9
2013,1,females,45–54,dlbcl,60,3.8
2013,1,females,55–64,dlbcl,120,8.9
2013,1,females,65–74,dlbcl,187,19.5
2013,1,females,75–84,dlbcl,144,25.4
2013,1,females,85+,dlbcl,67,23.4
2013,5,males,5–14,dlbcl,6,0.3
2013,5,males,15–24,dlbcl,41,2.6
2013,5,males,25–34,dlbcl,87,5.1
2013,5,males,35–44,dlbcl,195,12.2
2013,5,males,45–54,dlbcl,378,24.8
2013,5,males,55–64,dlbcl,694,53
2013,5,males,65–74,dlbcl,993,106.1
2013,5,males,75–84,dlbcl,702,147.4
2013,5,males,85+,dlbcl,228,142.8
2013,5,females,5–14,dlbcl,4,0.2
2013,5,females,15–24,dlbcl,20,1.3
2013,5,females,25–34,dlbcl,60,3.5
2013,5,females,35–44,dlbcl,129,8
2013,5,females,45–54,dlbcl,257,16.4
2013,5,females,55–64,dlbcl,534,39.6
2013,5,females,65–74,dlbcl,710,74
2013,5,females,75–84,dlbcl,614,108.1
2013,5,females,85+,dlbcl,247,86.3
2013,10,males,5–14,dlbcl,9,0.4
2013,10,males,15–24,dlbcl,66,4.1
2013,10,males,25–34,dlbcl,152,8.8
2013,10,males,35–44,dlbcl,309,19.3
2013,10,males,45–54,dlbcl,610,40
2013,10,males,55–64,dlbcl,1084,82.8
2013,10,males,65–74,dlbcl,1539,164.4
2013,10,males,75–84,dlbcl,1141,239.5
2013,10,males,85+,dlbcl,412,258.1
2013,10,females,5–14,dlbcl,7,0.3
2013,10,females,15–24,dlbcl,26,1.7
2013,10,females,25–34,dlbcl,107,6.3
2013,10,females,35–44,dlbcl,218,13.5
2013,10,females,45–54,dlbcl,394,25.2
2013,10,females,55–64,dlbcl,839,62.3
2013,10,females,65–74,dlbcl,1133,118
2013,10,females,75–84,dlbcl,985,173.5
2013,10,females,85+,dlbcl,462,161.5
2014,1,males,5–14,dlbcl,2,0.1
2014,1,males,15–24,dlbcl,9,0.6
2014,1,males,25–34,dlbcl,23,1.3
2014,1,males,35–44,dlbcl,56,3.5
2014,1,males,45–54,dlbcl,107,7
2014,1,males,55–64,dlbcl,199,15
2014,1,males,65–74,dlbcl,246,25.3
2014,1,males,75–84,dlbcl,179,36.6
2014,1,males,85+,dlbcl,41,24.4
2014,1,females,5–14,dlbcl,0,0
2014,1,females,15–24,dlbcl,5,0.3
2014,1,females,25–34,dlbcl,12,0.7
2014,1,females,35–44,dlbcl,31,1.9
2014,1,females,45–54,dlbcl,59,3.7
2014,1,females,55–64,dlbcl,138,10
2014,1,females,65–74,dlbcl,205,20.5
2014,1,females,75–84,dlbcl,181,31.3
2014,1,females,85+,dlbcl,74,25.2
2014,5,males,5–14,dlbcl,5,0.2
2014,5,males,15–24,dlbcl,37,2.3
2014,5,males,25–34,dlbcl,83,4.7
2014,5,males,35–44,dlbcl,205,12.8
2014,5,males,45–54,dlbcl,403,26.3
2014,5,males,55–64,dlbcl,738,55.5
2014,5,males,65–74,dlbcl,1020,105
2014,5,males,75–84,dlbcl,754,154.1
2014,5,males,85+,dlbcl,211,125.7
2014,5,females,5–14,dlbcl,2,0.1
2014,5,females,15–24,dlbcl,18,1.2
2014,5,females,25–34,dlbcl,61,3.5
2014,5,females,35–44,dlbcl,114,7
2014,5,females,45–54,dlbcl,261,16.5
2014,5,females,55–64,dlbcl,542,39.4
2014,5,females,65–74,dlbcl,746,74.7
2014,5,females,75–84,dlbcl,666,115.3
2014,5,females,85+,dlbcl,271,92.4
2014,10,males,5–14,dlbcl,9,0.4
2014,10,males,15–24,dlbcl,64,4
2014,10,males,25–34,dlbcl,159,9.1
2014,10,males,35–44,dlbcl,324,20.2
2014,10,males,45–54,dlbcl,622,40.6
2014,10,males,55–64,dlbcl,1137,85.5
2014,10,males,65–74,dlbcl,1626,167.3
2014,10,males,75–84,dlbcl,1197,244.7
2014,10,males,85+,dlbcl,411,244.9
2014,10,females,5–14,dlbcl,4,0.2
2014,10,females,15–24,dlbcl,27,1.8
2014,10,females,25–34,dlbcl,104,6
2014,10,females,35–44,dlbcl,206,12.7
2014,10,females,45–54,dlbcl,407,25.8
2014,10,females,55–64,dlbcl,867,63
2014,10,females,65–74,dlbcl,1192,119.4
2014,10,females,75–84,dlbcl,1080,187
2014,10,females,85+,dlbcl,488,166.5
2015,1,males,5–14,dlbcl,4,0.2
2015,1,males,15–24,dlbcl,10,0.6
2015,1,males,25–34,dlbcl,22,1.2
2015,1,males,35–44,dlbcl,49,3.1
2015,1,males,45–54,dlbcl,94,6.1
2015,1,males,55–64,dlbcl,170,12.6
2015,1,males,65–74,dlbcl,247,24.5
2015,1,males,75–84,dlbcl,205,40.8
2015,1,males,85+,dlbcl,81,46.2
2015,1,females,5–14,dlbcl,1,0
2015,1,females,15–24,dlbcl,7,0.5
2015,1,females,25–34,dlbcl,18,1
2015,1,females,35–44,dlbcl,23,1.4
2015,1,females,45–54,dlbcl,67,4.2
2015,1,females,55–64,dlbcl,137,9.8
2015,1,females,65–74,dlbcl,184,17.7
2015,1,females,75–84,dlbcl,173,29.4
2015,1,females,85+,dlbcl,63,21
2015,5,males,5–14,dlbcl,9,0.4
2015,5,males,15–24,dlbcl,40,2.5
2015,5,males,25–34,dlbcl,81,4.5
2015,5,males,35–44,dlbcl,199,12.4
2015,5,males,45–54,dlbcl,405,26.3
2015,5,males,55–64,dlbcl,725,53.7
2015,5,males,65–74,dlbcl,1025,101.7
2015,5,males,75–84,dlbcl,812,161.5
2015,5,males,85+,dlbcl,259,147.7
2015,5,females,5–14,dlbcl,1,0
2015,5,females,15–24,dlbcl,16,1
2015,5,females,25–34,dlbcl,62,3.5
2015,5,females,35–44,dlbcl,99,6.1
2015,5,females,45–54,dlbcl,265,16.6
2015,5,females,55–64,dlbcl,556,39.6
2015,5,females,65–74,dlbcl,763,73.6
2015,5,females,75–84,dlbcl,681,115.7
2015,5,females,85+,dlbcl,265,88.5
2015,10,males,5–14,dlbcl,13,0.6
2015,10,males,15–24,dlbcl,67,4.2
2015,10,males,25–34,dlbcl,153,8.6
2015,10,males,35–44,dlbcl,327,20.4
2015,10,males,45–54,dlbcl,631,40.9
2015,10,males,55–64,dlbcl,1117,82.8
2015,10,males,65–74,dlbcl,1673,166
2015,10,males,75–84,dlbcl,1287,255.9
2015,10,males,85+,dlbcl,457,260.7
2015,10,females,5–14,dlbcl,3,0.1
2015,10,females,15–24,dlbcl,30,1.9
2015,10,females,25–34,dlbcl,106,5.9
2015,10,females,35–44,dlbcl,190,11.7
2015,10,females,45–54,dlbcl,424,26.6
2015,10,females,55–64,dlbcl,861,61.3
2015,10,females,65–74,dlbcl,1242,119.8
2015,10,females,75–84,dlbcl,1127,191.5
2015,10,females,85+,dlbcl,475,158.6
2016,1,males,5–14,dlbcl,3,0.1
2016,1,males,15–24,dlbcl,10,0.6
2016,1,males,25–34,dlbcl,7,0.4
2016,1,males,35–44,dlbcl,35,2.2
2016,1,males,45–54,dlbcl,88,5.7
2016,1,males,55–64,dlbcl,173,12.6
2016,1,males,65–74,dlbcl,294,28.2
2016,1,males,75–84,dlbcl,237,45.5
2016,1,males,85+,dlbcl,79,43.5
2016,1,females,5–14,dlbcl,1,0
2016,1,females,15–24,dlbcl,7,0.5
2016,1,females,25–34,dlbcl,13,0.7
2016,1,females,35–44,dlbcl,23,1.4
2016,1,females,45–54,dlbcl,72,4.5
2016,1,females,55–64,dlbcl,125,8.7
2016,1,females,65–74,dlbcl,180,16.7
2016,1,females,75–84,dlbcl,166,27.5
2016,1,females,85+,dlbcl,78,25.6
2016,5,males,5–14,dlbcl,10,0.4
2016,5,males,15–24,dlbcl,38,2.3
2016,5,males,25–34,dlbcl,71,3.9
2016,5,males,35–44,dlbcl,181,11.2
2016,5,males,45–54,dlbcl,393,25.2
2016,5,males,55–64,dlbcl,716,52.1
2016,5,males,65–74,dlbcl,1055,101.3
2016,5,males,75–84,dlbcl,885,170
2016,5,males,85+,dlbcl,294,162
2016,5,females,5–14,dlbcl,2,0.1
2016,5,females,15–24,dlbcl,18,1.2
2016,5,females,25–34,dlbcl,61,3.3
2016,5,females,35–44,dlbcl,91,5.6
2016,5,females,45–54,dlbcl,281,17.4
2016,5,females,55–64,dlbcl,534,37.2
2016,5,females,65–74,dlbcl,769,71.4
2016,5,females,75–84,dlbcl,694,114.8
2016,5,females,85+,dlbcl,304,99.9
2016,10,males,5–14,dlbcl,14,0.6
2016,10,males,15–24,dlbcl,63,3.9
2016,10,males,25–34,dlbcl,133,7.3
2016,10,males,35–44,dlbcl,317,19.6
2016,10,males,45–54,dlbcl,620,39.8
2016,10,males,55–64,dlbcl,1149,83.5
2016,10,males,65–74,dlbcl,1742,167.3
2016,10,males,75–84,dlbcl,1384,265.8
2016,10,males,85+,dlbcl,489,269.5
2016,10,females,5–14,dlbcl,3,0.1
2016,10,females,15–24,dlbcl,33,2.1
2016,10,females,25–34,dlbcl,104,5.7
2016,10,females,35–44,dlbcl,177,10.8
2016,10,females,45–54,dlbcl,440,27.3
2016,10,females,55–64,dlbcl,850,59.2
2016,10,females,65–74,dlbcl,1267,117.7
2016,10,females,75–84,dlbcl,1182,195.6
2016,10,females,85+,dlbcl,514,168.9
2017,1,males,5–14,dlbcl,2,0.1
2017,1,males,15–24,dlbcl,8,0.5
2017,1,males,25–34,dlbcl,9,0.5
2017,1,males,35–44,dlbcl,38,2.3
2017,1,males,45–54,dlbcl,110,7
2017,1,males,55–64,dlbcl,172,12.3
2017,1,males,65–74,dlbcl,298,27.8
2017,1,males,75–84,dlbcl,238,44
2017,1,males,85+,dlbcl,63,33.9
2017,1,females,5–14,dlbcl,1,0
2017,1,females,15–24,dlbcl,7,0.4
2017,1,females,25–34,dlbcl,14,0.8
2017,1,females,35–44,dlbcl,24,1.5
2017,1,females,45–54,dlbcl,67,4.1
2017,1,females,55–64,dlbcl,129,8.8
2017,1,females,65–74,dlbcl,209,18.7
2017,1,females,75–84,dlbcl,170,27.4
2017,1,females,85+,dlbcl,75,24.4
2017,5,males,5–14,dlbcl,10,0.4
2017,5,males,15–24,dlbcl,37,2.3
2017,5,males,25–34,dlbcl,62,3.4
2017,5,males,35–44,dlbcl,170,10.4
2017,5,males,45–54,dlbcl,401,25.5
2017,5,males,55–64,dlbcl,723,51.6
2017,5,males,65–74,dlbcl,1095,102.1
2017,5,males,75–84,dlbcl,908,168
2017,5,males,85+,dlbcl,308,165.6
2017,5,females,5–14,dlbcl,2,0.1
2017,5,females,15–24,dlbcl,18,1.2
2017,5,females,25–34,dlbcl,63,3.4
2017,5,females,35–44,dlbcl,93,5.6
2017,5,females,45–54,dlbcl,272,16.7
2017,5,females,55–64,dlbcl,513,35
2017,5,females,65–74,dlbcl,800,71.6
2017,5,females,75–84,dlbcl,710,114.3
2017,5,females,85+,dlbcl,325,105.9
2017,10,males,5–14,dlbcl,15,0.6
2017,10,males,15–24,dlbcl,57,3.5
2017,10,males,25–34,dlbcl,118,6.4
2017,10,males,35–44,dlbcl,306,18.7
2017,10,males,45–54,dlbcl,639,40.6
2017,10,males,55–64,dlbcl,1170,83.5
2017,10,males,65–74,dlbcl,1840,171.6
2017,10,males,75–84,dlbcl,1441,266.7
2017,10,males,85+,dlbcl,515,277
2017,10,females,5–14,dlbcl,3,0.1
2017,10,females,15–24,dlbcl,32,2
2017,10,females,25–34,dlbcl,108,5.8
2017,10,females,35–44,dlbcl,167,10.1
2017,10,females,45–54,dlbcl,451,27.7
2017,10,females,55–64,dlbcl,838,57.2
2017,10,females,65–74,dlbcl,1326,118.7
2017,10,females,75–84,dlbcl,1214,195.4
2017,10,females,85+,dlbcl,560,182.5
2018,1,males,5–14,dlbcl,1,0
2018,1,males,15–24,dlbcl,5,0.3
2018,1,males,25–34,dlbcl,22,1.2
2018,1,males,35–44,dlbcl,43,2.6
2018,1,males,45–54,dlbcl,113,7.1
2018,1,males,55–64,dlbcl,222,15.6
2018,1,males,65–74,dlbcl,283,25.7
2018,1,males,75–84,dlbcl,231,40.9
2018,1,males,85+,dlbcl,73,38.1
2018,1,females,5–14,dlbcl,1,0
2018,1,females,15–24,dlbcl,2,0.1
2018,1,females,25–34,dlbcl,15,0.8
2018,1,females,35–44,dlbcl,23,1.4
2018,1,females,45–54,dlbcl,55,3.4
2018,1,females,55–64,dlbcl,129,8.6
2018,1,females,65–74,dlbcl,193,16.7
2018,1,females,75–84,dlbcl,179,27.8
2018,1,females,85+,dlbcl,79,25.4
2018,5,males,5–14,dlbcl,8,0.3
2018,5,males,15–24,dlbcl,35,2.1
2018,5,males,25–34,dlbcl,65,3.5
2018,5,males,35–44,dlbcl,160,9.6
2018,5,males,45–54,dlbcl,421,26.6
2018,5,males,55–64,dlbcl,779,54.6
2018,5,males,65–74,dlbcl,1123,101.9
2018,5,males,75–84,dlbcl,935,165.7
2018,5,males,85+,dlbcl,315,164.3
2018,5,females,5–14,dlbcl,3,0.1
2018,5,females,15–24,dlbcl,15,1
2018,5,females,25–34,dlbcl,68,3.6
2018,5,females,35–44,dlbcl,94,5.6
2018,5,females,45–54,dlbcl,252,15.4
2018,5,females,55–64,dlbcl,511,34.2
2018,5,females,65–74,dlbcl,816,70.5
2018,5,females,75–84,dlbcl,726,112.9
2018,5,females,85+,dlbcl,331,106.3
2018,10,males,5–14,dlbcl,12,0.5
2018,10,males,15–24,dlbcl,54,3.3
2018,10,males,25–34,dlbcl,119,6.4
2018,10,males,35–44,dlbcl,284,17.1
2018,10,males,45–54,dlbcl,664,41.9
2018,10,males,55–64,dlbcl,1223,85.7
2018,10,males,65–74,dlbcl,1911,173.4
2018,10,males,75–84,dlbcl,1534,271.9
2018,10,males,85+,dlbcl,540,281.7
2018,10,females,5–14,dlbcl,3,0.1
2018,10,females,15–24,dlbcl,24,1.5
2018,10,females,25–34,dlbcl,113,6
2018,10,females,35–44,dlbcl,168,10
2018,10,females,45–54,dlbcl,425,26
2018,10,females,55–64,dlbcl,849,56.9
2018,10,females,65–74,dlbcl,1376,118.9
2018,10,females,75–84,dlbcl,1250,194.3
2018,10,females,85+,dlbcl,588,188.8
2019,1,males,5–14,dlbcl,2,0.1
2019,1,males,15–24,dlbcl,9,0.5
2019,1,males,25–34,dlbcl,28,1.5
2019,1,males,35–44,dlbcl,38,2.2
2019,1,males,45–54,dlbcl,86,5.4
2019,1,males,55–64,dlbcl,195,13.4
2019,1,males,65–74,dlbcl,312,27.5
2019,1,males,75–84,dlbcl,250,42.2
2019,1,males,85+,dlbcl,87,44.1
2019,1,females,5–14,dlbcl,3,0.1
2019,1,females,15–24,dlbcl,1,0.1
2019,1,females,25–34,dlbcl,13,0.7
2019,1,females,35–44,dlbcl,16,0.9
2019,1,females,45–54,dlbcl,64,3.9
2019,1,females,55–64,dlbcl,153,10
2019,1,females,65–74,dlbcl,236,19.6
2019,1,females,75–84,dlbcl,200,29.8
2019,1,females,85+,dlbcl,85,27
2019,5,males,5–14,dlbcl,7,0.3
2019,5,males,15–24,dlbcl,34,2.1
2019,5,males,25–34,dlbcl,72,3.8
2019,5,males,35–44,dlbcl,150,8.8
2019,5,males,45–54,dlbcl,403,25.2
2019,5,males,55–64,dlbcl,761,52.3
2019,5,males,65–74,dlbcl,1187,104.6
2019,5,males,75–84,dlbcl,965,162.7
2019,5,males,85+,dlbcl,351,177.8
2019,5,females,5–14,dlbcl,5,0.2
2019,5,females,15–24,dlbcl,13,0.8
2019,5,females,25–34,dlbcl,68,3.6
2019,5,females,35–44,dlbcl,89,5.2
2019,5,females,45–54,dlbcl,248,15.1
2019,5,females,55–64,dlbcl,536,35.1
2019,5,females,65–74,dlbcl,869,72.3
2019,5,females,75–84,dlbcl,723,107.7
2019,5,females,85+,dlbcl,343,108.8
2019,10,males,5–14,dlbcl,10,0.4
2019,10,males,15–24,dlbcl,49,3
2019,10,males,25–34,dlbcl,127,6.7
2019,10,males,35–44,dlbcl,267,15.7
2019,10,males,45–54,dlbcl,654,41
2019,10,males,55–64,dlbcl,1256,86.3
2019,10,males,65–74,dlbcl,1978,174.3
2019,10,males,75–84,dlbcl,1616,272.5
2019,10,males,85+,dlbcl,610,309
2019,10,females,5–14,dlbcl,5,0.2
2019,10,females,15–24,dlbcl,20,1.3
2019,10,females,25–34,dlbcl,107,5.6
2019,10,females,35–44,dlbcl,156,9
2019,10,females,45–54,dlbcl,420,25.6
2019,10,females,55–64,dlbcl,871,57
2019,10,females,65–74,dlbcl,1457,121.3
2019,10,females,75–84,dlbcl,1266,188.6
2019,10,females,85+,dlbcl,623,197.6
2020,1,males,5–14,dlbcl,1,0
2020,1,males,15–24,dlbcl,10,0.6
2020,1,males,25–34,dlbcl,21,1.1
2020,1,males,35–44,dlbcl,43,2.5
2020,1,males,45–54,dlbcl,103,6.4
2020,1,males,55–64,dlbcl,216,14.7
2020,1,males,65–74,dlbcl,320,27.5
2020,1,males,75–84,dlbcl,276,44.3
2020,1,males,85+,dlbcl,84,41
2020,1,females,5–14,dlbcl,2,0.1
2020,1,females,15–24,dlbcl,2,0.1
2020,1,females,25–34,dlbcl,13,0.7
2020,1,females,35–44,dlbcl,40,2.3
2020,1,females,45–54,dlbcl,60,3.6
2020,1,females,55–64,dlbcl,158,10.2
2020,1,females,65–74,dlbcl,230,18.6
2020,1,females,75–84,dlbcl,209,29.8
2020,1,females,85+,dlbcl,66,20.5
2020,5,males,5–14,dlbcl,4,0.2
2020,5,males,15–24,dlbcl,35,2.2
2020,5,males,25–34,dlbcl,77,4.1
2020,5,males,35–44,dlbcl,152,8.8
2020,5,males,45–54,dlbcl,403,25.1
2020,5,males,55–64,dlbcl,780,53.1
2020,5,males,65–74,dlbcl,1243,107
2020,5,males,75–84,dlbcl,1049,168.3
2020,5,males,85+,dlbcl,343,167.3
2020,5,females,5–14,dlbcl,7,0.3
2020,5,females,15–24,dlbcl,9,0.6
2020,5,females,25–34,dlbcl,60,3.2
2020,5,females,35–44,dlbcl,105,6
2020,5,females,45–54,dlbcl,238,14.4
2020,5,females,55–64,dlbcl,574,37.2
2020,5,females,65–74,dlbcl,898,72.4
2020,5,females,75–84,dlbcl,756,107.9
2020,5,females,85+,dlbcl,339,105.2
2020,10,males,5–14,dlbcl,7,0.3
2020,10,males,15–24,dlbcl,53,3.3
2020,10,males,25–34,dlbcl,128,6.8
2020,10,males,35–44,dlbcl,263,15.2
2020,10,males,45–54,dlbcl,655,40.8
2020,10,males,55–64,dlbcl,1292,87.9
2020,10,males,65–74,dlbcl,2025,174.3
2020,10,males,75–84,dlbcl,1696,272.1
2020,10,males,85+,dlbcl,647,315.6
2020,10,females,5–14,dlbcl,7,0.3
2020,10,females,15–24,dlbcl,14,0.9
2020,10,females,25–34,dlbcl,104,5.5
2020,10,females,35–44,dlbcl,169,9.6
2020,10,females,45–54,dlbcl,397,24.1
2020,10,females,55–64,dlbcl,917,59.5
2020,10,females,65–74,dlbcl,1486,119.9
2020,10,females,75–84,dlbcl,1332,190.1
2020,10,females,85+,dlbcl,634,196.7
2021,1,males,5–14,dlbcl,3,0.1
2021,1,males,15–24,dlbcl,9,0.6
2021,1,males,25–34,dlbcl,19,1
2021,1,males,35–44,dlbcl,56,3.2
2021,1,males,45–54,dlbcl,83,5.1
2021,1,males,55–64,dlbcl,186,12.6
2021,1,males,65–74,dlbcl,294,25
2021,1,males,75–84,dlbcl,307,46.6
2021,1,males,85+,dlbcl,85,39.9
2021,1,females,5–14,dlbcl,2,0.1
2021,1,females,15–24,dlbcl,6,0.4
2021,1,females,25–34,dlbcl,16,0.9
2021,1,females,35–44,dlbcl,26,1.4
2021,1,females,45–54,dlbcl,63,3.8
2021,1,females,55–64,dlbcl,154,10
2021,1,females,65–74,dlbcl,240,19
2021,1,females,75–84,dlbcl,231,31.3
2021,1,females,85+,dlbcl,87,26.4
2021,5,males,5–14,dlbcl,6,0.2
2021,5,males,15–24,dlbcl,33,2.1
2021,5,males,25–34,dlbcl,80,4.3
2021,5,males,35–44,dlbcl,184,10.5
2021,5,males,45–54,dlbcl,384,23.8
2021,5,males,55–64,dlbcl,777,52.6
2021,5,males,65–74,dlbcl,1240,105.5
2021,5,males,75–84,dlbcl,1132,171.8
2021,5,males,85+,dlbcl,354,166.1
2021,5,females,5–14,dlbcl,9,0.4
2021,5,females,15–24,dlbcl,11,0.7
2021,5,females,25–34,dlbcl,61,3.3
2021,5,females,35–44,dlbcl,106,5.9
2021,5,females,45–54,dlbcl,242,14.6
2021,5,females,55–64,dlbcl,583,37.8
2021,5,females,65–74,dlbcl,952,75.5
2021,5,females,75–84,dlbcl,842,114.2
2021,5,females,85+,dlbcl,356,108.2
2021,10,males,5–14,dlbcl,9,0.4
2021,10,males,15–24,dlbcl,52,3.2
2021,10,males,25–34,dlbcl,129,7
2021,10,males,35–44,dlbcl,289,16.4
2021,10,males,45–54,dlbcl,622,38.5
2021,10,males,55–64,dlbcl,1291,87.4
2021,10,males,65–74,dlbcl,1992,169.6
2021,10,males,75–84,dlbcl,1839,279.2
2021,10,males,85+,dlbcl,669,313.9
2021,10,females,5–14,dlbcl,9,0.4
2021,10,females,15–24,dlbcl,15,1
2021,10,females,25–34,dlbcl,105,5.7
2021,10,females,35–44,dlbcl,168,9.4
2021,10,females,45–54,dlbcl,400,24.2
2021,10,females,55–64,dlbcl,929,60.2
2021,10,females,65–74,dlbcl,1522,120.7
2021,10,females,75–84,dlbcl,1435,194.7
2021,10,females,85+,dlbcl,676,205.4
2012,1,males,5–14,hodgkin,21,0.9
2012,1,males,15–24,hodgkin,68,4.3
2012,1,males,25–34,hodgkin,71,4.2
2012,1,males,35–44,hodgkin,45,2.8
2012,1,males,45–54,hodgkin,48,3.2
2012,1,males,55–64,hodgkin,35,2.7
2012,1,males,65–74,hodgkin,47,5.2
2012,1,males,75–84,hodgkin,24,5.2
2012,1,males,85+,hodgkin,4,2.6
2012,1,females,5–14,hodgkin,5,0.2
2012,1,females,15–24,hodgkin,67,4.4
2012,1,females,25–34,hodgkin,51,3.1
2012,1,females,35–44,hodgkin,35,2.2
2012,1,females,45–54,hodgkin,30,1.9
2012,1,females,55–64,hodgkin,25,1.9
2012,1,females,65–74,hodgkin,22,2.4
2012,1,females,75–84,hodgkin,15,2.7
2012,1,females,85+,hodgkin,4,1.4
2012,5,males,5–14,hodgkin,49,2.2
2012,5,males,15–24,hodgkin,247,15.6
2012,5,males,25–34,hodgkin,329,19.6
2012,5,males,35–44,hodgkin,213,13.4
2012,5,males,45–54,hodgkin,228,15
2012,5,males,55–64,hodgkin,175,13.5
2012,5,males,65–74,hodgkin,145,16.1
2012,5,males,75–84,hodgkin,81,17.4
2012,5,males,85+,hodgkin,10,6.6
2012,5,females,5–14,hodgkin,17,0.8
2012,5,females,15–24,hodgkin,264,17.4
2012,5,females,25–34,hodgkin,307,18.6
2012,5,females,35–44,hodgkin,181,11.2
2012,5,females,45–54,hodgkin,135,8.7
2012,5,females,55–64,hodgkin,105,8
2012,5,females,65–74,hodgkin,88,9.6
2012,5,females,75–84,hodgkin,53,9.5
2012,5,females,85+,hodgkin,14,5.1
2012,10,males,5–14,hodgkin,57,2.6
2012,10,males,15–24,hodgkin,372,23.5
2012,10,males,25–34,hodgkin,625,37.2
2012,10,males,35–44,hodgkin,412,25.9
2012,10,males,45–54,hodgkin,410,27
2012,10,males,55–64,hodgkin,305,23.6
2012,10,males,65–74,hodgkin,225,25.1
2012,10,males,75–84,hodgkin,127,27.4
2012,10,males,85+,hodgkin,21,13.9
2012,10,females,5–14,hodgkin,21,1
2012,10,females,15–24,hodgkin,388,25.6
2012,10,females,25–34,hodgkin,578,34.9
2012,10,females,35–44,hodgkin,381,23.6
2012,10,females,45–54,hodgkin,272,17.5
2012,10,females,55–64,hodgkin,187,14.2
2012,10,females,65–74,hodgkin,169,18.4
2012,10,females,75–84,hodgkin,94,16.8
2012,10,females,85+,hodgkin,32,11.5
2013,1,males,5–14,hodgkin,15,0.7
2013,1,males,15–24,hodgkin,62,3.9
2013,1,males,25–34,hodgkin,64,3.7
2013,1,males,35–44,hodgkin,38,2.4
2013,1,males,45–54,hodgkin,33,2.2
2013,1,males,55–64,hodgkin,51,3.9
2013,1,males,65–74,hodgkin,38,4.1
2013,1,males,75–84,hodgkin,20,4.2
2013,1,males,85+,hodgkin,6,3.8
2013,1,females,5–14,hodgkin,5,0.2
2013,1,females,15–24,hodgkin,74,4.9
2013,1,females,25–34,hodgkin,56,3.3
2013,1,females,35–44,hodgkin,47,2.9
2013,1,females,45–54,hodgkin,44,2.8
2013,1,females,55–64,hodgkin,22,1.6
2013,1,females,65–74,hodgkin,21,2.2
2013,1,females,75–84,hodgkin,16,2.8
2013,1,females,85+,hodgkin,8,2.8
2013,5,males,5–14,hodgkin,54,2.4
2013,5,males,15–24,hodgkin,260,16.3
2013,5,males,25–34,hodgkin,330,19.2
2013,5,males,35–44,hodgkin,211,13.2
2013,5,males,45–54,hodgkin,213,14
2013,5,males,55–64,hodgkin,188,14.4
2013,5,males,65–74,hodgkin,161,17.2
2013,5,males,75–84,hodgkin,87,18.3
2013,5,males,85+,hodgkin,16,10
2013,5,females,5–14,hodgkin,17,0.8
2013,5,females,15–24,hodgkin,282,18.5
2013,5,females,25–34,hodgkin,309,18.2
2013,5,females,35–44,hodgkin,204,12.6
2013,5,females,45–54,hodgkin,156,10
2013,5,females,55–64,hodgkin,103,7.6
2013,5,females,65–74,hodgkin,100,10.4
2013,5,females,75–84,hodgkin,59,10.4
2013,5,females,85+,hodgkin,20,7
2013,10,males,5–14,hodgkin,57,2.5
2013,10,males,15–24,hodgkin,381,23.9
2013,10,males,25–34,hodgkin,638,37.1
2013,10,males,35–44,hodgkin,408,25.5
2013,10,males,45–54,hodgkin,397,26
2013,10,males,55–64,hodgkin,337,25.7
2013,10,males,65–74,hodgkin,246,26.3
2013,10,males,75–84,hodgkin,146,30.6
2013,10,males,85+,hodgkin,26,16.3
2013,10,females,5–14,hodgkin,21,1
2013,10,females,15–24,hodgkin,397,26
2013,10,females,25–34,hodgkin,613,36
2013,10,females,35–44,hodgkin,402,24.8
2013,10,females,45–54,hodgkin,292,18.7
2013,10,females,55–64,hodgkin,188,14
2013,10,females,65–74,hodgkin,188,19.6
2013,10,females,75–84,hodgkin,92,16.2
2013,10,females,85+,hodgkin,32,11.2
2014,1,males,5–14,hodgkin,14,0.6
2014,1,males,15–24,hodgkin,55,3.4
2014,1,males,25–34,hodgkin,70,4
2014,1,males,35–44,hodgkin,56,3.5
2014,1,males,45–54,hodgkin,49,3.2
2014,1,males,55–64,hodgkin,29,2.2
2014,1,males,65–74,hodgkin,41,4.2
2014,1,males,75–84,hodgkin,14,2.9
2014,1,males,85+,hodgkin,2,1.2
2014,1,females,5–14,hodgkin,12,0.6
2014,1,females,15–24,hodgkin,55,3.6
2014,1,females,25–34,hodgkin,69,4
2014,1,females,35–44,hodgkin,38,2.3
2014,1,females,45–54,hodgkin,32,2
2014,1,females,55–64,hodgkin,26,1.9
2014,1,females,65–74,hodgkin,31,3.1
2014,1,females,75–84,hodgkin,17,2.9
2014,1,females,85+,hodgkin,4,1.4
2014,5,males,5–14,hodgkin,52,2.3
2014,5,males,15–24,hodgkin,256,16
2014,5,males,25–34,hodgkin,330,18.8
2014,5,males,35–44,hodgkin,241,15
2014,5,males,45–54,hodgkin,209,13.6
2014,5,males,55–64,hodgkin,180,13.5
2014,5,males,65–74,hodgkin,182,18.7
2014,5,males,75–84,hodgkin,82,16.8
2014,5,males,85+,hodgkin,13,7.7
2014,5,females,5–14,hodgkin,26,1.2
2014,5,females,15–24,hodgkin,268,17.5
2014,5,females,25–34,hodgkin,313,17.9
2014,5,females,35–44,hodgkin,208,12.8
2014,5,females,45–54,hodgkin,154,9.8
2014,5,females,55–64,hodgkin,120,8.7
2014,5,females,65–74,hodgkin,104,10.4
2014,5,females,75–84,hodgkin,62,10.7
2014,5,females,85+,hodgkin,18,6.1
2014,10,males,5–14,hodgkin,56,2.4
2014,10,males,15–24,hodgkin,389,24.2
2014,10,males,25–34,hodgkin,647,36.9
2014,10,males,35–44,hodgkin,457,28.5
2014,10,males,45–54,hodgkin,396,25.8
2014,10,males,55–64,hodgkin,328,24.7
2014,10,males,65–74,hodgkin,281,28.9
2014,10,males,75–84,hodgkin,140,28.6
2014,10,males,85+,hodgkin,22,13.1
2014,10,females,5–14,hodgkin,29,1.3
2014,10,females,15–24,hodgkin,392,25.6
2014,10,females,25–34,hodgkin,634,36.3
2014,10,females,35–44,hodgkin,416,25.7
2014,10,females,45–54,hodgkin,279,17.7
2014,10,females,55–64,hodgkin,207,15.1
2014,10,females,65–74,hodgkin,186,18.6
2014,10,females,75–84,hodgkin,106,18.4
2014,10,females,85+,hodgkin,27,9.2
2015,1,males,5–14,hodgkin,17,0.7
2015,1,males,15–24,hodgkin,78,4.8
2015,1,males,25–34,hodgkin,77,4.3
2015,1,males,35–44,hodgkin,40,2.5
2015,1,males,45–54,hodgkin,38,2.5
2015,1,males,55–64,hodgkin,44,3.3
2015,1,males,65–74,hodgkin,26,2.6
2015,1,males,75–84,hodgkin,27,5.4
2015,1,males,85+,hodgkin,13,7.4
2015,1,females,5–14,hodgkin,10,0.5
2015,1,females,15–24,hodgkin,62,4
2015,1,females,25–34,hodgkin,70,3.9
2015,1,females,35–44,hodgkin,43,2.6
2015,1,females,45–54,hodgkin,19,1.2
2015,1,females,55–64,hodgkin,21,1.5
2015,1,females,65–74,hodgkin,28,2.7
2015,1,females,75–84,hodgkin,12,2
2015,1,females,85+,hodgkin,7,2.3
2015,5,males,5–14,hodgkin,55,2.4
2015,5,males,15–24,hodgkin,284,17.6
2015,5,males,25–34,hodgkin,352,19.8
2015,5,males,35–44,hodgkin,237,14.8
2015,5,males,45–54,hodgkin,193,12.5
2015,5,males,55–64,hodgkin,185,13.7
2015,5,males,65–74,hodgkin,173,17.2
2015,5,males,75–84,hodgkin,97,19.3
2015,5,males,85+,hodgkin,28,16
2015,5,females,5–14,hodgkin,28,1.3
2015,5,females,15–24,hodgkin,263,17.1
2015,5,females,25–34,hodgkin,328,18.4
2015,5,females,35–44,hodgkin,204,12.6
2015,5,females,45–54,hodgkin,149,9.3
2015,5,females,55–64,hodgkin,118,8.4
2015,5,females,65–74,hodgkin,115,11.1
2015,5,females,75–84,hodgkin,64,10.9
2015,5,females,85+,hodgkin,18,6
2015,10,males,5–14,hodgkin,64,2.8
2015,10,males,15–24,hodgkin,398,24.7
2015,10,males,25–34,hodgkin,671,37.7
2015,10,males,35–44,hodgkin,466,29
2015,10,males,45–54,hodgkin,385,25
2015,10,males,55–64,hodgkin,351,26
2015,10,males,65–74,hodgkin,284,28.2
2015,10,males,75–84,hodgkin,159,31.6
2015,10,males,85+,hodgkin,41,23.4
2015,10,females,5–14,hodgkin,31,1.4
2015,10,females,15–24,hodgkin,384,24.9
2015,10,females,25–34,hodgkin,645,36.1
2015,10,females,35–44,hodgkin,433,26.7
2015,10,females,45–54,hodgkin,262,16.4
2015,10,females,55–64,hodgkin,221,15.7
2015,10,females,65–74,hodgkin,195,18.8
2015,10,females,75–84,hodgkin,114,19.4
2015,10,females,85+,hodgkin,30,10
2016,1,males,5–14,hodgkin,16,0.7
2016,1,males,15–24,hodgkin,51,3.1
2016,1,males,25–34,hodgkin,57,3.1
2016,1,males,35–44,hodgkin,43,2.7
2016,1,males,45–54,hodgkin,50,3.2
2016,1,males,55–64,hodgkin,34,2.5
2016,1,males,65–74,hodgkin,46,4.4
2016,1,males,75–84,hodgkin,26,5
2016,1,males,85+,hodgkin,9,5
2016,1,females,5–14,hodgkin,12,0.5
2016,1,females,15–24,hodgkin,79,5.1
2016,1,females,25–34,hodgkin,78,4.3
2016,1,females,35–44,hodgkin,49,3
2016,1,females,45–54,hodgkin,25,1.5
2016,1,females,55–64,hodgkin,26,1.8
2016,1,females,65–74,hodgkin,27,2.5
2016,1,females,75–84,hodgkin,22,3.6
2016,1,females,85+,hodgkin,9,3
2016,5,males,5–14,hodgkin,56,2.4
2016,5,males,15–24,hodgkin,265,16.3
2016,5,males,25–34,hodgkin,359,19.8
2016,5,males,35–44,hodgkin,237,14.7
2016,5,males,45–54,hodgkin,201,12.9
2016,5,males,55–64,hodgkin,179,13
2016,5,males,65–74,hodgkin,175,16.8
2016,5,males,75–84,hodgkin,101,19.4
2016,5,males,85+,hodgkin,26,14.3
2016,5,females,5–14,hodgkin,25,1.1
2016,5,females,15–24,hodgkin,278,17.9
2016,5,females,25–34,hodgkin,352,19.3
2016,5,females,35–44,hodgkin,217,13.3
2016,5,females,45–54,hodgkin,144,8.9
2016,5,females,55–64,hodgkin,119,8.3
2016,5,females,65–74,hodgkin,124,11.5
2016,5,females,75–84,hodgkin,72,11.9
2016,5,females,85+,hodgkin,21,6.9
2016,10,males,5–14,hodgkin,65,2.7
2016,10,males,15–24,hodgkin,386,23.8
2016,10,males,25–34,hodgkin,671,37
2016,10,males,35–44,hodgkin,478,29.6
2016,10,males,45–54,hodgkin,398,25.6
2016,10,males,55–64,hodgkin,354,25.7
2016,10,males,65–74,hodgkin,302,29
2016,10,males,75–84,hodgkin,176,33.8
2016,10,males,85+,hodgkin,36,19.8
2016,10,females,5–14,hodgkin,30,1.3
2016,10,females,15–24,hodgkin,384,24.7
2016,10,females,25–34,hodgkin,679,37.2
2016,10,females,35–44,hodgkin,467,28.6
2016,10,females,45–54,hodgkin,261,16.2
2016,10,females,55–64,hodgkin,232,16.2
2016,10,females,65–74,hodgkin,209,19.4
2016,10,females,75–84,hodgkin,122,20.2
2016,10,females,85+,hodgkin,35,11.5
2017,1,males,5–14,hodgkin,12,0.5
2017,1,males,15–24,hodgkin,68,4.2
2017,1,males,25–34,hodgkin,80,4.3
2017,1,males,35–44,hodgkin,44,2.7
2017,1,males,45–54,hodgkin,50,3.2
2017,1,males,55–64,hodgkin,39,2.8
2017,1,males,65–74,hodgkin,59,5.5
2017,1,males,75–84,hodgkin,25,4.6
2017,1,males,85+,hodgkin,7,3.8
2017,1,females,5–14,hodgkin,11,0.5
2017,1,females,15–24,hodgkin,61,3.9
2017,1,females,25–34,hodgkin,76,4.1
2017,1,females,35–44,hodgkin,36,2.2
2017,1,females,45–54,hodgkin,26,1.6
2017,1,females,55–64,hodgkin,32,2.2
2017,1,females,65–74,hodgkin,26,2.3
2017,1,females,75–84,hodgkin,14,2.3
2017,1,females,85+,hodgkin,5,1.6
2017,5,males,5–14,hodgkin,51,2.1
2017,5,males,15–24,hodgkin,254,15.5
2017,5,males,25–34,hodgkin,369,20
2017,5,males,35–44,hodgkin,236,14.4
2017,5,males,45–54,hodgkin,207,13.2
2017,5,males,55–64,hodgkin,195,13.9
2017,5,males,65–74,hodgkin,180,16.8
2017,5,males,75–84,hodgkin,104,19.2
2017,5,males,85+,hodgkin,25,13.4
2017,5,females,5–14,hodgkin,26,1.1
2017,5,females,15–24,hodgkin,280,17.9
2017,5,females,25–34,hodgkin,363,19.6
2017,5,females,35–44,hodgkin,231,14
2017,5,females,45–54,hodgkin,141,8.7
2017,5,females,55–64,hodgkin,130,8.9
2017,5,females,65–74,hodgkin,133,11.9
2017,5,females,75–84,hodgkin,71,11.4
2017,5,females,85+,hodgkin,26,8.5
2017,10,males,5–14,hodgkin,63,2.6
2017,10,males,15–24,hodgkin,385,23.5
2017,10,males,25–34,hodgkin,691,37.5
2017,10,males,35–44,hodgkin,484,29.6
2017,10,males,45–54,hodgkin,408,25.9
2017,10,males,55–64,hodgkin,370,26.4
2017,10,males,65–74,hodgkin,320,29.8
2017,10,males,75–84,hodgkin,183,33.9
2017,10,males,85+,hodgkin,36,19.4
2017,10,females,5–14,hodgkin,34,1.5
2017,10,females,15–24,hodgkin,380,24.3
2017,10,females,25–34,hodgkin,682,36.7
2017,10,females,35–44,hodgkin,482,29.1
2017,10,females,45–54,hodgkin,273,16.8
2017,10,females,55–64,hodgkin,241,16.4
2017,10,females,65–74,hodgkin,220,19.7
2017,10,females,75–84,hodgkin,129,20.8
2017,10,females,85+,hodgkin,38,12.4
2018,1,males,5–14,hodgkin,12,0.5
2018,1,males,15–24,hodgkin,56,3.4
2018,1,males,25–34,hodgkin,65,3.5
2018,1,males,35–44,hodgkin,56,3.4
2018,1,males,45–54,hodgkin,48,3
2018,1,males,55–64,hodgkin,53,3.7
2018,1,males,65–74,hodgkin,45,4.1
2018,1,males,75–84,hodgkin,31,5.5
2018,1,males,85+,hodgkin,4,2.1
2018,1,females,5–14,hodgkin,8,0.3
2018,1,females,15–24,hodgkin,69,4.4
2018,1,females,25–34,hodgkin,53,2.8
2018,1,females,35–44,hodgkin,39,2.3
2018,1,females,45–54,hodgkin,24,1.5
2018,1,females,55–64,hodgkin,26,1.7
2018,1,females,65–74,hodgkin,22,1.9
2018,1,females,75–84,hodgkin,24,3.7
2018,1,females,85+,hodgkin,6,1.9
2018,5,males,5–14,hodgkin,44,1.8
2018,5,males,15–24,hodgkin,258,15.6
2018,5,males,25–34,hodgkin,357,19.1
2018,5,males,35–44,hodgkin,257,15.4
2018,5,males,45–54,hodgkin,223,14.1
2018,5,males,55–64,hodgkin,212,14.9
2018,5,males,65–74,hodgkin,176,16
2018,5,males,75–84,hodgkin,114,20.2
2018,5,males,85+,hodgkin,27,14.1
2018,5,females,5–14,hodgkin,27,1.2
2018,5,females,15–24,hodgkin,272,17.3
2018,5,females,25–34,hodgkin,356,18.9
2018,5,females,35–44,hodgkin,232,13.7
2018,5,females,45–54,hodgkin,119,7.3
2018,5,females,55–64,hodgkin,133,8.9
2018,5,females,65–74,hodgkin,131,11.3
2018,5,females,75–84,hodgkin,80,12.4
2018,5,females,85+,hodgkin,23,7.4
2018,10,males,5–14,hodgkin,61,2.5
2018,10,males,15–24,hodgkin,381,23
2018,10,males,25–34,hodgkin,696,37.2
2018,10,males,35–44,hodgkin,517,31
2018,10,males,45–54,hodgkin,406,25.6
2018,10,males,55–64,hodgkin,398,27.9
2018,10,males,65–74,hodgkin,325,29.5
2018,10,males,75–84,hodgkin,202,35.8
2018,10,males,85+,hodgkin,38,19.8
2018,10,females,5–14,hodgkin,34,1.5
2018,10,females,15–24,hodgkin,395,25.1
2018,10,females,25–34,hodgkin,672,35.7
2018,10,females,35–44,hodgkin,494,29.3
2018,10,females,45–54,hodgkin,280,17.1
2018,10,females,55–64,hodgkin,257,17.2
2018,10,females,65–74,hodgkin,215,18.6
2018,10,females,75–84,hodgkin,150,23.3
2018,10,females,85+,hodgkin,41,13.2
2019,1,males,5–14,hodgkin,10,0.4
2019,1,males,15–24,hodgkin,69,4.2
2019,1,males,25–34,hodgkin,71,3.7
2019,1,males,35–44,hodgkin,52,3.1
2019,1,males,45–54,hodgkin,44,2.8
2019,1,males,55–64,hodgkin,46,3.2
2019,1,males,65–74,hodgkin,52,4.6
2019,1,males,75–84,hodgkin,22,3.7
2019,1,males,85+,hodgkin,4,2
2019,1,females,5–14,hodgkin,14,0.6
2019,1,females,15–24,hodgkin,61,3.9
2019,1,females,25–34,hodgkin,83,4.4
2019,1,females,35–44,hodgkin,46,2.7
2019,1,females,45–54,hodgkin,25,1.5
2019,1,females,55–64,hodgkin,17,1.1
2019,1,females,65–74,hodgkin,29,2.4
2019,1,females,75–84,hodgkin,28,4.2
2019,1,females,85+,hodgkin,7,2.2
2019,5,males,5–14,hodgkin,43,1.8
2019,5,males,15–24,hodgkin,267,16.2
2019,5,males,25–34,hodgkin,352,18.6
2019,5,males,35–44,hodgkin,262,15.4
2019,5,males,45–54,hodgkin,219,13.7
2019,5,males,55–64,hodgkin,218,15
2019,5,males,65–74,hodgkin,201,17.7
2019,5,males,75–84,hodgkin,112,18.9
2019,5,males,85+,hodgkin,28,14.2
2019,5,females,5–14,hodgkin,31,1.3
2019,5,females,15–24,hodgkin,275,17.7
2019,5,females,25–34,hodgkin,374,19.7
2019,5,females,35–44,hodgkin,242,14
2019,5,females,45–54,hodgkin,116,7.1
2019,5,females,55–64,hodgkin,118,7.7
2019,5,females,65–74,hodgkin,124,10.3
2019,5,females,75–84,hodgkin,93,13.9
2019,5,females,85+,hodgkin,26,8.2
2019,10,males,5–14,hodgkin,58,2.4
2019,10,males,15–24,hodgkin,391,23.7
2019,10,males,25–34,hodgkin,682,36
2019,10,males,35–44,hodgkin,543,31.9
2019,10,males,45–54,hodgkin,405,25.4
2019,10,males,55–64,hodgkin,407,28
2019,10,males,65–74,hodgkin,349,30.7
2019,10,males,75–84,hodgkin,204,34.4
2019,10,males,85+,hodgkin,44,22.3
2019,10,females,5–14,hodgkin,37,1.6
2019,10,females,15–24,hodgkin,389,25
2019,10,females,25–34,hodgkin,697,36.6
2019,10,females,35–44,hodgkin,511,29.6
2019,10,females,45–54,hodgkin,279,17
2019,10,females,55–64,hodgkin,251,16.4
2019,10,females,65–74,hodgkin,226,18.8
2019,10,females,75–84,hodgkin,163,24.3
2019,10,females,85+,hodgkin,48,15.2
2020,1,males,5–14,hodgkin,20,0.8
2020,1,males,15–24,hodgkin,77,4.8
2020,1,males,25–34,hodgkin,64,3.4
2020,1,males,35–44,hodgkin,53,3.1
2020,1,males,45–54,hodgkin,52,3.2
2020,1,males,55–64,hodgkin,53,3.6
2020,1,males,65–74,hodgkin,54,4.6
2020,1,males,75–84,hodgkin,34,5.5
2020,1,males,85+,hodgkin,10,4.9
2020,1,females,5–14,hodgkin,17,0.7
2020,1,females,15–24,hodgkin,63,4.2
2020,1,females,25–34,hodgkin,73,3.9
2020,1,females,35–44,hodgkin,42,2.4
2020,1,females,45–54,hodgkin,23,1.4
2020,1,females,55–64,hodgkin,34,2.2
2020,1,females,65–74,hodgkin,29,2.3
2020,1,females,75–84,hodgkin,28,4
2020,1,females,85+,hodgkin,10,3.1
2020,5,males,5–14,hodgkin,49,2
2020,5,males,15–24,hodgkin,264,16.4
2020,5,males,25–34,hodgkin,344,18.4
2020,5,males,35–44,hodgkin,264,15.3
2020,5,males,45–54,hodgkin,236,14.7
2020,5,males,55–64,hodgkin,223,15.2
2020,5,males,65–74,hodgkin,219,18.8
2020,5,males,75–84,hodgkin,129,20.7
2020,5,males,85+,hodgkin,34,16.6
2020,5,females,5–14,hodgkin,36,1.6
2020,5,females,15–24,hodgkin,273,18
2020,5,females,25–34,hodgkin,371,19.8
2020,5,females,35–44,hodgkin,258,14.7
2020,5,females,45–54,hodgkin,110,6.7
2020,5,females,55–64,hodgkin,134,8.7
2020,5,females,65–74,hodgkin,128,10.3
2020,5,females,75–84,hodgkin,103,14.7
2020,5,females,85+,hodgkin,31,9.6
2020,10,males,5–14,hodgkin,66,2.7
2020,10,males,15–24,hodgkin,406,25.2
2020,10,males,25–34,hodgkin,683,36.5
2020,10,males,35–44,hodgkin,555,32.1
2020,10,males,45–54,hodgkin,426,26.5
2020,10,males,55–64,hodgkin,417,28.4
2020,10,males,65–74,hodgkin,364,31.3
2020,10,males,75–84,hodgkin,221,35.5
2020,10,males,85+,hodgkin,60,29.3
2020,10,females,5–14,hodgkin,42,1.8
2020,10,females,15–24,hodgkin,387,25.5
2020,10,females,25–34,hodgkin,727,38.7
2020,10,females,35–44,hodgkin,503,28.6
2020,10,females,45–54,hodgkin,278,16.9
2020,10,females,55–64,hodgkin,265,17.2
2020,10,females,65–74,hodgkin,230,18.6
2020,10,females,75–84,hodgkin,173,24.7
2020,10,females,85+,hodgkin,57,17.7
2021,1,males,5–14,hodgkin,18,0.7
2021,1,males,15–24,hodgkin,55,3.4
2021,1,males,25–34,hodgkin,67,3.6
2021,1,males,35–44,hodgkin,63,3.6
2021,1,males,45–54,hodgkin,44,2.7
2021,1,males,55–64,hodgkin,68,4.6
2021,1,males,65–74,hodgkin,43,3.7
2021,1,males,75–84,hodgkin,29,4.4
2021,1,males,85+,hodgkin,8,3.8
2021,1,females,5–14,hodgkin,7,0.3
2021,1,females,15–24,hodgkin,60,4
2021,1,females,25–34,hodgkin,85,4.6
2021,1,females,35–44,hodgkin,50,2.8
2021,1,females,45–54,hodgkin,40,2.4
2021,1,females,55–64,hodgkin,26,1.7
2021,1,females,65–74,hodgkin,39,3.1
2021,1,females,75–84,hodgkin,32,4.3
2021,1,females,85+,hodgkin,8,2.4
2021,5,males,5–14,hodgkin,51,2.1
2021,5,males,15–24,hodgkin,259,16.2
2021,5,males,25–34,hodgkin,357,19.3
2021,5,males,35–44,hodgkin,285,16.2
2021,5,males,45–54,hodgkin,239,14.8
2021,5,males,55–64,hodgkin,240,16.3
2021,5,males,65–74,hodgkin,213,18.1
2021,5,males,75–84,hodgkin,139,21.1
2021,5,males,85+,hodgkin,27,12.7
2021,5,females,5–14,hodgkin,33,1.4
2021,5,females,15–24,hodgkin,261,17.4
2021,5,females,25–34,hodgkin,385,20.8
2021,5,females,35–44,hodgkin,253,14.1
2021,5,females,45–54,hodgkin,127,7.7
2021,5,females,55–64,hodgkin,128,8.3
2021,5,females,65–74,hodgkin,139,11
2021,5,females,75–84,hodgkin,111,15.1
2021,5,females,85+,hodgkin,29,8.8
2021,10,males,5–14,hodgkin,68,2.8
2021,10,males,15–24,hodgkin,391,24.4
2021,10,males,25–34,hodgkin,688,37.1
2021,10,males,35–44,hodgkin,587,33.4
2021,10,males,45–54,hodgkin,425,26.3
2021,10,males,55–64,hodgkin,437,29.6
2021,10,males,65–74,hodgkin,358,30.5
2021,10,males,75–84,hodgkin,238,36.1
2021,10,males,85+,hodgkin,57,26.7
2021,10,females,5–14,hodgkin,38,1.6
2021,10,females,15–24,hodgkin,389,25.9
2021,10,females,25–34,hodgkin,732,39.5
2021,10,females,35–44,hodgkin,527,29.4
2021,10,females,45–54,hodgkin,299,18.1
2021,10,females,55–64,hodgkin,265,17.2
2021,10,females,65–74,hodgkin,242,19.2
2021,10,females,75–84,hodgkin,185,25.1
2021,10,females,85+,hodgkin,55,16.7
